ОБЛАСТ;ОБЩИНА;НАСЕЛЕНО МЯСТО;УЧИЛИЩЕ;КОД;БЕЛ-УЧ;БЕЛ;МАТ-УЧ;МАТ
СОФИЯ-ГРАД;СТОЛИЧНА;ГР.СОФИЯ;"Софийска математическа гимназия ""Паисий Хилендарски""";2216306;159;91,02;159;97,33
СОФИЯ-ГРАД;СТОЛИЧНА;ГР.СОФИЯ;"Частно основно училище ""Света София"" ЕООД";2202537;67;91,72;67;93,67
СОФИЯ-ГРАД;СТОЛИЧНА;ГР.СОФИЯ;Първа Частна Математическа Гимназия;2221563;76;85,28;76;93,05
СОФИЯ-ГРАД;СТОЛИЧНА;ГР.СОФИЯ;"Частно средно училище с ранно чуждоезиково обучение ""ЕСПА""";2213506;25;89,22;25;82,25
СОФИЯ-ГРАД;СТОЛИЧНА;ГР.СОФИЯ;"Частно средно училище ""Константин-Кирил Философ""";2200023;1;72;1;80,5
СОФИЯ-ГРАД;СТОЛИЧНА;ГР.СОФИЯ;"Частно основно училище "" Св. Климент Охридски """;2205521;9;78,06;9;78,03
СОФИЯ-ГРАД;СТОЛИЧНА;ГР.СОФИЯ;"Частно средно училище с немски език ""Веда""";2204549;22;82,84;22;75,17
СОФИЯ-ГРАД;СТОЛИЧНА;ГР.СОФИЯ;"Частно средно езиково училище ""Британика""";2202536;23;80,74;23;74,87
СОФИЯ-ГРАД;СТОЛИЧНА;ГР.СОФИЯ;"ЧАСТНО ОСНОВНО УЧИЛИЩЕ ""ТОМАС ЕДИСЪН""";2217722;12;85,88;12;74,65
СОФИЯ-ГРАД;СТОЛИЧНА;ГР.СОФИЯ;Частно средно училище Българско школо ООД;2211564;43;80,64;42;74,63
СОФИЯ-ГРАД;СТОЛИЧНА;ГР.СОФИЯ;"107. основно училище ""Хан Крум""";2211107;103;81,86;103;71,94
СОФИЯ-ГРАД;СТОЛИЧНА;ГР.СОФИЯ;"145 Основно училище "" Симеон Радев """;2213145;117;77,56;117;71,32
СОФИЯ-ГРАД;СТОЛИЧНА;ГР.СОФИЯ;"73.СУ с преподаване на чужди езици ""Владислав Граматик""";2224073;127;80,13;127;68,17
СОФИЯ-ГРАД;СТОЛИЧНА;ГР.СОФИЯ;"Частно основно училище ""Д-р Петър Берон""";2211518;30;79,82;30;65,42
СОФИЯ-ГРАД;СТОЛИЧНА;ГР.СОФИЯ;133 Средно училище „Александър Сергеевич Пушкин”;2222133;97;76,02;97;65,18
СОФИЯ-ГРАД;СТОЛИЧНА;ГР.СОФИЯ;"ЧАСТНО ОСНОВНО УЧИЛИЩЕ ""ОБРАЗОВАТЕЛНИ ТЕХНОЛОГИИ""";2221501;63;72,63;63;64,69
СОФИЯ-ГРАД;СТОЛИЧНА;ГР.СОФИЯ;"Частно средно училище ""Петко Рачов Славейков""";2212553;8;79,63;8;64,56
СОФИЯ-ГРАД;СТОЛИЧНА;ГР.СОФИЯ;Частно основно училище Азбуки;2213721;36;75,18;36;64,22
СОФИЯ-ГРАД;СТОЛИЧНА;ГР.СОФИЯ;"ЧАСТНО ОСНОВНО УЧИЛИЩЕ ""ЕРИХ КЕСТНЕР""";2212554;18;76,58;18;64,18
СОФИЯ-ГРАД;СТОЛИЧНА;ГР.СОФИЯ;"20. Oсновно училище ""Тодор Минков"" с ранно чуждоезиково обучение по френски и немски език";2224020;110;78,96;110;64,17
СОФИЯ-ГРАД;СТОЛИЧНА;ГР.СОФИЯ;Национален учебен комплекс по култура с лицей за изучаване на италиански език и култура с участието на Република Италия;2902701;79;78,73;79;63,59
СОФИЯ-ГРАД;СТОЛИЧНА;ГР.СОФИЯ;"104 основно училище ""Захари Стоянов""";2224104;97;77,84;97;62,94
СОФИЯ-ГРАД;СТОЛИЧНА;ГР.СОФИЯ;"125 СУ ""Боян Пенев"" с изучаване на чужди езици";2213125;211;77,71;211;62,83
СОФИЯ-ГРАД;СТОЛИЧНА;ГР.СОФИЯ;"55 СРЕДНО УЧИЛИЩЕ ""ПЕТКО КАРАВЕЛОВ""";2223055;177;73,23;177;62,26
СОФИЯ-ГРАД;СТОЛИЧНА;ГР.СОФИЯ;"38 основно училище""Васил Априлов""";2222038;108;75,81;108;60,99
СОФИЯ-ГРАД;СТОЛИЧНА;ГР.СОФИЯ;"35. СРЕДНО ЕЗИКОВО УЧИЛИЩЕ ""ДОБРИ ВОЙНИКОВ""";2211035;83;75,72;83;60,72
СОФИЯ-ГРАД;СТОЛИЧНА;ГР.СОФИЯ;"138. СРЕДНО УЧИЛИЩЕ ЗА ЗАПАДНИ И ИЗТОЧНИ ЕЗИЦИ ""ПРОФ. ВАСИЛ ЗЛАТАРСКИ""";2221138;124;68,77;124;60,66
СОФИЯ-ГРАД;СТОЛИЧНА;ГР.СОФИЯ;"41 основно училище ""Св. Патриарх Евтимий""";2224041;92;72,65;92;60,6
СОФИЯ-ГРАД;СТОЛИЧНА;ГР.СОФИЯ;"Частно Основно Училище ""Откривател""";2202705;5;72,7;5;60,55
СОФИЯ-ГРАД;СТОЛИЧНА;ГР.СОФИЯ;"143 основно училище ""Георги Бенковски""";2219143;123;72,6;123;60,42
СОФИЯ-ГРАД;СТОЛИЧНА;ГР.СОФИЯ;"6 ОУ ""Граф Игнатиев""";2222006;99;76,82;99;60,09
СОФИЯ-ГРАД;СТОЛИЧНА;ГР.СОФИЯ;"32. СРЕДНО УЧИЛИЩЕ С ИЗУЧАВАНЕ НА ЧУЖДИ ЕЗИЦИ ""СВЕТИ КЛИМЕНТ ОХРИДСКИ""";2204032;166;76,33;166;59,84
СОФИЯ-ГРАД;СТОЛИЧНА;ГР.СОФИЯ;"Частно езиково средно училище ""Дорис Тенеди""";2209529;37;79,57;37;59,82
СОФИЯ-ГРАД;СТОЛИЧНА;ГР.СОФИЯ;"51 СРЕДНО УЧИЛИЩЕ ""ЕЛИСАВЕТА БАГРЯНА""";2209051;112;73,79;112;59,68
СОФИЯ-ГРАД;СТОЛИЧНА;ГР.СОФИЯ;"Частно основно училище ""Цар Симеон Велики""";2201515;17;71,94;17;59,38
СОФИЯ-ГРАД;СТОЛИЧНА;ГР.СОФИЯ;"22 Средно езиково училище ""Георги Стойков Раковски""";2224022;108;72;108;59,04
СОФИЯ-ГРАД;СТОЛИЧНА;ГР.СОФИЯ;"120 Основно училище ""Георги Сава Раковски""";2211120;95;72,01;95;58,77
СОФИЯ-ГРАД;СТОЛИЧНА;ГР.СОФИЯ;"2 Средно училище ""Академик Емилиян Станев """;2202002;167;75,99;166;58,5
СОФИЯ-ГРАД;СТОЛИЧНА;ГР.СОФИЯ;"134. средно училище ""Димчо Дебелянов""";2204134;70;73,29;70;58,36
СОФИЯ-ГРАД;СТОЛИЧНА;ГР.СОФИЯ;"Частно основно училище ""Монтесори"" ЕООД";2217525;10;63,15;10;57,75
СОФИЯ-ГРАД;СТОЛИЧНА;ГР.СОФИЯ;Частно средно училище Евлоги и Христо Георгиеви ЕООД;2202704;15;73,93;14;57,63
СОФИЯ-ГРАД;СТОЛИЧНА;ГР.СОФИЯ;"119 Средно училище ""Академик Михаил Арнаудов""";2205119;178;73,6;178;57,63
СОФИЯ-ГРАД;СТОЛИЧНА;ГР.СОФИЯ;"163 ОСНОВНО УЧИЛИЩЕ ""ЧЕРНОРИЗЕЦ ХРАБЪР""";2207163;71;71,73;71;57,5
СОФИЯ-ГРАД;СТОЛИЧНА;ГР.СОФИЯ;"109 Основно училище ""Христо Смирненски""";2221109;76;71,16;76;57,43
СОФИЯ-ГРАД;СТОЛИЧНА;ГР.СОФИЯ;"Частно основно училище ""Куест""";2224672;5;66,8;5;57,4
СОФИЯ-ГРАД;СТОЛИЧНА;ГР.СОФИЯ;"19 СРЕДНО УЧИЛИЩЕ ""ЕЛИН ПЕЛИН""";2209019;89;76,72;89;57,07
СОФИЯ-ГРАД;СТОЛИЧНА;ГР.СОФИЯ;"52. основно училище ""Цанко Церковски""";2202052;66;72,05;66;56,06
СОФИЯ-ГРАД;СТОЛИЧНА;ГР.СОФИЯ;"7. СРЕДНО УЧИЛИЩЕ ""СВ. СЕДМОЧИСЛЕНИЦИ""";2222007;99;71,61;99;55,87
СОФИЯ-ГРАД;СТОЛИЧНА;ГР.СОФИЯ;"129 Основно Училище ""Антим -І""";2216129;83;76,05;83;55,67
СОФИЯ-ГРАД;СТОЛИЧНА;ГР.СОФИЯ;"105. СРЕДНО УЧИЛИЩЕ ""АТАНАС ДАЛЧЕВ""";2205105;130;70,17;130;55,2
СОФИЯ-ГРАД;СТОЛИЧНА;ГР.СОФИЯ;"139 Основно училище ""Захарий Круша""";2211139;64;73,2;63;55,19
СОФИЯ-ГРАД;СТОЛИЧНА;ГР.СОФИЯ;Национална гимназия за древни езици и култури Константин Кирил Философ;2902702;79;85,44;79;55,1
СОФИЯ-ГРАД;СТОЛИЧНА;ГР.СОФИЯ;"18 Средно училище ""Уилям Гладстон""";2204018;204;73,47;204;54,75
СОФИЯ-ГРАД;СТОЛИЧНА;ГР.СОФИЯ;"31 Средно училище за чужди езици и математика ""Иван Вазов""";2221031;108;73,83;108;54,6
СОФИЯ-ГРАД;СТОЛИЧНА;ГР.СОФИЯ;"Частно средно училище ""Свети Георги""";2202574;31;66,48;30;54,32
СОФИЯ-ГРАД;СТОЛИЧНА;ГР.СОФИЯ;"118 Средно училище ""Академик Людмил Стоянов""";2213118;88;72,45;88;53,61
СОФИЯ-ГРАД;СТОЛИЧНА;ГР.СОФИЯ;"Частно средно училище ""УВЕКИНД""";2216532;48;64,17;48;53,54
СОФИЯ-ГРАД;СТОЛИЧНА;ГР.СОФИЯ;"36 Средно училище ""Максим Горки""";2209036;107;70,19;108;53,53
СОФИЯ-ГРАД;СТОЛИЧНА;ГР.СОФИЯ;"10 Средно училище "" Теодор Траянов """;2213010;71;68,77;71;53,17
СОФИЯ-ГРАД;СТОЛИЧНА;ГР.СОФИЯ;"12 Средно училище "" Цар Иван Асен II""";2222012;95;68,97;95;52,74
СОФИЯ-ГРАД;СТОЛИЧНА;ГР.СОФИЯ;"100 ОСНОВНО УЧИЛИЩЕ ""НАЙДЕН ГЕРОВ""";2220100;8;66,13;8;51,22
СОФИЯ-ГРАД;СТОЛИЧНА;ГР.СОФИЯ;"8. Средно училище ""Васил Левски""";2223008;59;70,14;59;50,8
СОФИЯ-ГРАД;СТОЛИЧНА;ГР.СОФИЯ;"Частно основно училище ""Прогресивно образование""";2224677;6;67,83;6;50
СОФИЯ-ГРАД;СТОЛИЧНА;ГР.СОФИЯ;"64 основно училище "" Цар Симеон Велики """;2202064;38;70,36;38;49,89
СОФИЯ-ГРАД;СТОЛИЧНА;ГР.СОФИЯ;"ЧАСТНО СРЕДНО ЕЗИКОВО УЧИЛИЩЕ ""ГАЛИНА СЕРГЕЕВНА УЛАНОВА""";2211598;6;72,75;6;49,75
СОФИЯ-ГРАД;СТОЛИЧНА;ГР.СОФИЯ;"34 ОСНОВНО УЧИЛИЩЕ ""СТОЮ ШИШКОВ""";2209034;106;68,99;106;49,38
СОФИЯ-ГРАД;СТОЛИЧНА;ГР.СОФИЯ;"ЧОУ ""Роналд Лаудер""";2200021;15;79,57;15;49,32
СОФИЯ-ГРАД;СТОЛИЧНА;ГР.СОФИЯ;"1 Средно училище ""Пенчо П. Славейков""";2216001;79;65,93;79;49,16
СОФИЯ-ГРАД;СТОЛИЧНА;ГР.СОФИЯ;"Частно профилирано средно училище ""Свети Наум""";2202534;3;75,17;2;48,75
СОФИЯ-ГРАД;СТОЛИЧНА;ГР.СОФИЯ;"128 СРЕДНО УЧИЛИЩЕ ""АЛБЕРТ АЙНЩАЙН""";2213128;94;67,52;94;48,52
СОФИЯ-ГРАД;СТОЛИЧНА;ГР.СОФИЯ;"112 ОСНОВНО УЧИЛИЩЕ ""СТОЯН ЗАИМОВ""";2216112;128;69,74;128;48,1
СОФИЯ-ГРАД;СТОЛИЧНА;ГР.СОФИЯ;"5 Основно училище ""Иван Вазов""";2202005;84;69,88;84;48,09
СОФИЯ-ГРАД;СТОЛИЧНА;ГР.СОФИЯ;"122 ОСНОВНО УЧИЛИЩЕ ""НИКОЛАЙ ЛИЛИЕВ"" Иновативно училище с роботика и приложно програмиране";2211122;70;72,46;70;47,84
СОФИЯ-ГРАД;СТОЛИЧНА;ГР.СОФИЯ;"4. Основно училище ""Проф. Джон Атанасов""";2207004;110;68,25;110;47,63
СОФИЯ-ГРАД;СТОЛИЧНА;ГР.СОФИЯ;11 ОУ Св. Пимен Зографски;2205011;52;60,43;52;47,54
СОФИЯ-ГРАД;СТОЛИЧНА;ГР.СОФИЯ;"54. СРЕДНО УЧИЛИЩЕ ""Свети ИВАН РИЛСКИ""";2214054;154;67,51;154;47,44
СОФИЯ-ГРАД;СТОЛИЧНА;ГР.СОФИЯ;"Частно средно училище ""Дружба"" - София";2203720;26;63,21;26;47,1
СОФИЯ-ГРАД;СТОЛИЧНА;ГР.СОФИЯ;"63 Основно училище ""Христо Ботев""";2214063;35;76,44;35;46,98
СОФИЯ-ГРАД;СТОЛИЧНА;С.ЛОЗЕН;"200 Основно училище ""Отец Паисий""";2218200;19;59,34;19;46,8
СОФИЯ-ГРАД;СТОЛИЧНА;ГР.СОФИЯ;"НАЦИОНАЛНО СРЕДНО УЧИЛИЩЕ ""СОФИЯ""";2217151;103;68,18;103;46,75
СОФИЯ-ГРАД;СТОЛИЧНА;ГР.СОФИЯ;"88. Средно училище ""Димитър Попниколов""";2217088;147;67,49;146;46,71
СОФИЯ-ГРАД;СТОЛИЧНА;ГР.СОФИЯ;"97 Средно училище ""Братя Миладинови""";2212097;81;61,38;81;46,08
СОФИЯ-ГРАД;СТОЛИЧНА;ГР.СОФИЯ;"25 основно училище ""Д-р Петър Берон""";2209025;99;65,83;99;45,83
СОФИЯ-ГРАД;СТОЛИЧНА;ГР.СОФИЯ;"81. Средно училище ""Виктор Юго""";2213081;161;67,21;161;45,79
СОФИЯ-ГРАД;СТОЛИЧНА;ГР.СОФИЯ;"127 СРЕДНО УЧИЛИЩЕ ""Иван Николаевич Денкоглу""";2222127;44;71,7;45;45,66
СОФИЯ-ГРАД;СТОЛИЧНА;ГР.СОФИЯ;"50. ОСНОВНО УЧИЛИЩЕ ""ВАСИЛ ЛЕВСКИ""";2202050;53;63,23;53;45,5
СОФИЯ-ГРАД;СТОЛИЧНА;ГР.СОФИЯ;"49-то Основно училище ""Бенито Хуарес""";2219049;114;66,69;114;44,73
СОФИЯ-ГРАД;СТОЛИЧНА;ГР.СОФИЯ;"39 Средно училище ""Петър Динеков""";2213039;70;62,5;70;44,66
СОФИЯ-ГРАД;СТОЛИЧНА;ГР.СОФИЯ;"14. средно училище ""Проф. д-р Асен Златаров""";2220014;59;67,58;59;44,49
СОФИЯ-ГРАД;СТОЛИЧНА;ГР.СОФИЯ;"53 ОСНОВНО УЧИЛИЩЕ ""НИКОЛАЙ ХРЕЛКОВ""";2217053;23;61,02;23;44,43
СОФИЯ-ГРАД;СТОЛИЧНА;ГР.СОФИЯ;"92 Основно училище ""Димитър Талев""";2208092;57;64,6;57;44,4
СОФИЯ-ГРАД;СТОЛИЧНА;ГР.СОФИЯ;"121 СРЕДНО УЧИЛИЩЕ ""ГЕОРГИ ИЗМИРЛИЕВ""";2224121;50;66,51;50;44,23
СОФИЯ-ГРАД;СТОЛИЧНА;ГР.СОФИЯ;"42. Основно училище "" Хаджи Димитър""";2219042;114;62,69;114;44,17
СОФИЯ-ГРАД;СТОЛИЧНА;С.ЖЕЛЕЗНИЦА;"191 ОСНОВНО УЧИЛИЩЕ ""ОТЕЦ ПАИСИЙ""";2218191;13;53,23;13;44,1
СОФИЯ-ГРАД;СТОЛИЧНА;С.ГОРНИ БОГРОВ;"115 Основно Училище ""Свети, свети Кирил и Методий""";2210115;13;59,85;13;44,08
СОФИЯ-ГРАД;СТОЛИЧНА;ГР.СОФИЯ;"Частно средно училище с чуждоезиков профил ""Абрахам Линкълн""";2213600;6;64,42;6;43,92
СОФИЯ-ГРАД;СТОЛИЧНА;ГР.СОФИЯ;"61-во основно училище ""Свети Свети Кирил и Методий""";2203061;89;69,26;89;43,83
СОФИЯ-ГРАД;СТОЛИЧНА;ГР.СОФИЯ;"Частно основно училище с изучаване на английски език ""Меридиан 22""";2213502;21;72,98;21;43,31
СОФИЯ-ГРАД;СТОЛИЧНА;ГР.СОФИЯ;"56. Средно училище ""Професор Константин Иречек""";2212056;150;68,93;150;43,23
СОФИЯ-ГРАД;СТОЛИЧНА;ГР.СОФИЯ;"Частно основно училище ""Изгрев""";2218703;8;66;8;42,81
СОФИЯ-ГРАД;СТОЛИЧНА;ГР.СОФИЯ;"126 ОСНОВНО УЧИЛИЩЕ ""Петко Юрданов Тодоров""";2224126;86;67,69;86;42,66
СОФИЯ-ГРАД;СТОЛИЧНА;ГР.СОФИЯ;"96 Средно училище ""Лев Николаевич Толстой""";2212096;116;58,2;116;42,29
СОФИЯ-ГРАД;СТОЛИЧНА;ГР.СОФИЯ;"43. Основно училище ""Христо Смирненски""";2206043;105;67,49;105;42,27
СОФИЯ-ГРАД;СТОЛИЧНА;ГР.СОФИЯ;"30 СРЕДНО УЧИЛИЩЕ ""БРАТЯ МИЛАДИНОВИ""";2204030;89;64,96;88;42,26
СОФИЯ-ГРАД;СТОЛИЧНА;ГР.СОФИЯ;"76. Основно училище ""Уилям Сароян""";2204076;5;56,4;5;41,7
СОФИЯ-ГРАД;СТОЛИЧНА;ГР.СОФИЯ;"142 ОСНОВНО УЧИЛИЩЕ ""ВЕСЕЛИН ХАНЧЕВ""";2209142;73;66,16;72;41,04
СОФИЯ-ГРАД;СТОЛИЧНА;ГР.СОФИЯ;"16 . ОСНОВНО УЧИЛИЩЕ "" РАЙКО ЖИНЗИФОВ """;2214016;44;64,31;44;41,02
СОФИЯ-ГРАД;СТОЛИЧНА;ГР.СОФИЯ;"17 СУ ""Дамян Груев""";2208017;67;68,07;67;40,7
СОФИЯ-ГРАД;СТОЛИЧНА;ГР.СОФИЯ;"21 СРЕДНО УЧИЛИЩЕ ""ХРИСТО БОТЕВ""";2211021;51;61,05;51;40,37
СОФИЯ-ГРАД;СТОЛИЧНА;ГР.СОФИЯ;"33 основно училище ""Санкт Петербург""";2212033;82;62,38;82;40,03
СОФИЯ-ГРАД;СТОЛИЧНА;С.ЛОЗЕН;"201 ОСНОВНО УЧИЛИЩЕ ""СВ.СВ. КИРИЛ И МЕТОДИЙ""";2218201;28;62,93;28;40
СОФИЯ-ГРАД;СТОЛИЧНА;ГР.СОФИЯ;"15 Средно училище "" Адам Мицкевич""";2214015;40;53,94;33;39,67
СОФИЯ-ГРАД;СТОЛИЧНА;ГР.СОФИЯ;"40 Средно училище ""Луи Пастьор""";2212040;88;63,72;88;39,1
СОФИЯ-ГРАД;СТОЛИЧНА;ГР.СОФИЯ;"ЧАСТНО ОСНОВНО УЧИЛИЩЕ ""ПРОФ. Д-Р ВАСИЛ ЗЛАТАРСКИ""";2200015;33;60,82;33;38,73
СОФИЯ-ГРАД;СТОЛИЧНА;ГР.СОФИЯ;"47 Средно училище ""Христо Груев Данов""";2224047;29;59,1;29;38,53
СОФИЯ-ГРАД;СТОЛИЧНА;ГР.СОФИЯ;"144 Средно училище ""Народни будители""";2213144;153;64,35;152;37,96
СОФИЯ-ГРАД;СТОЛИЧНА;ГР.СОФИЯ;"Национално музикално училище ""Любомир Пипков""";2902101;76;63,74;75;37,46
СОФИЯ-ГРАД;СТОЛИЧНА;ГР.СОФИЯ;"ЧСУ по изкуства и чужди езици ""Артис""";2224544;14;66,21;14;37,45
СОФИЯ-ГРАД;СТОЛИЧНА;ГР.СОФИЯ;"150-то ОСНОВНО УЧИЛИЩЕ ""ЦАР СИМЕОН ПЪРВИ""";2207150;46;54,34;45;37,34
СОФИЯ-ГРАД;СТОЛИЧНА;ГР.СОФИЯ;"108 Средно училище ""Никола Беловеждов""";2207108;83;58,07;83;36,99
СОФИЯ-ГРАД;СТОЛИЧНА;С.ГЕРМАН;"84 ОСНОВНО УЧИЛИЩЕ ""ВАСИЛ ЛЕВСКИ""";2218084;19;54,21;19;36,95
СОФИЯ-ГРАД;СТОЛИЧНА;ГР.СОФИЯ;"44. Средно училище ""Неофит Бозвели""";2219044;52;60,32;52;36,85
СОФИЯ-ГРАД;СТОЛИЧНА;ГР.СОФИЯ;"Частно средно училище ""Професор Николай Райнов""";2202620;6;51,83;6;36,67
СОФИЯ-ГРАД;СТОЛИЧНА;ГР.СОФИЯ;"68. Средно училище ""Академик Никола Обрешков""";2207068;52;54,98;52;36,18
СОФИЯ-ГРАД;СТОЛИЧНА;ГР.СОФИЯ;"101. СРЕДНО УЧИЛИЩЕ ""БАЧО КИРО""";2214101;86;61,15;86;36,09
СОФИЯ-ГРАД;СТОЛИЧНА;ГР.СОФИЯ;"62. Основно училище ""Христо Ботев""";2203062;21;53,88;21;36,06
СОФИЯ-ГРАД;СТОЛИЧНА;ГР.СОФИЯ;"45 основно училище ""Константин Величков""";2206045;96;60,08;96;35,86
СОФИЯ-ГРАД;СТОЛИЧНА;ГР.СОФИЯ;"48 ОСНОВНО УЧИЛИЩЕ ""ЙОСИФ КОВАЧЕВ""";2220048;59;58,82;59;35,69
СОФИЯ-ГРАД;СТОЛИЧНА;ГР.СОФИЯ;"60 ОУ ""Св.св.Кирил и Методий""";2220060;40;58,54;40;35,4
СОФИЯ-ГРАД;СТОЛИЧНА;ГР.СОФИЯ;"Частно средно училище ""Орфей""";2208526;3;62,67;3;35,25
СОФИЯ-ГРАД;СТОЛИЧНА;ГР.СОФИЯ;"79 средно училище ""Индира Ганди""";2212079;90;53,47;90;35,1
СОФИЯ-ГРАД;СТОЛИЧНА;ГР.СОФИЯ;"46 Основно училище ""Константин Фотинов"" с разширено изучаване на хореография";2204046;32;56,41;32;35
СОФИЯ-ГРАД;СТОЛИЧНА;ГР.СОФИЯ;"166 Спортно училище ""Васил Левски""";2219166;74;52,17;73;34,1
СОФИЯ-ГРАД;СТОЛИЧНА;ГР.СОФИЯ;"26 Средно училище ""Йордан Йовков""";2202026;41;59,96;41;34,06
СОФИЯ-ГРАД;СТОЛИЧНА;ГР.СОФИЯ;"23 Средно училище ""Фредерик Жолио-Кюри""";2221023;65;61,46;65;33,62
СОФИЯ-ГРАД;СТОЛИЧНА;ГР.СОФИЯ;"137 средно училище ""Ангел Кънчев""";2212137;75;56,26;75;33,3
СОФИЯ-ГРАД;СТОЛИЧНА;ГР.СОФИЯ;"Специално училище за ученици с увреден слух ""Проф. д-р Дечо Денев""";2202612;5;29,7;4;33,25
СОФИЯ-ГРАД;СТОЛИЧНА;ГР.СОФИЯ;"72 Основно училище "" Христо Ботев """;2217072;24;53,63;24;33,2
СОФИЯ-ГРАД;СТОЛИЧНА;ГР.СОФИЯ;"149 Средно училище ,,Иван Хаджийски""";2217149;49;57,6;49;31,69
СОФИЯ-ГРАД;СТОЛИЧНА;ГР.БАНКЯ;"78. Средно училище ""Христо Смирненски""";2201078;76;55,45;76;31,29
СОФИЯ-ГРАД;СТОЛИЧНА;ГР.СОФИЯ;"95 СУ ""Проф. Иван Шишманов""";2219095;49;51,29;49;31,29
СОФИЯ-ГРАД;СТОЛИЧНА;ГР.НОВИ ИСКЪР;"171 ОСНОВНО УЧИЛИЩЕ ""СТОИЛ ПОПОВ""";2215171;29;57,4;29;30,72
СОФИЯ-ГРАД;СТОЛИЧНА;ГР.СОФИЯ;"83. Основно училище ""Елин Пелин""";2218083;25;56,68;25;30,62
СОФИЯ-ГРАД;СТОЛИЧНА;С.БИСТРИЦА;"192. СРЕДНО УЧИЛИЩЕ ""ХРИСТО БОТЕВ""";2218192;25;55,7;25;30,45
СОФИЯ-ГРАД;СТОЛИЧНА;ГР.СОФИЯ;Национално училище за танцово изкуство;2902301;48;63,44;48;30,26
СОФИЯ-ГРАД;СТОЛИЧНА;ГР.СОФИЯ;"Частно основно училище ""Джани РоДари"" ЕООД";2221614;12;51,5;12;30,04
СОФИЯ-ГРАД;СТОЛИЧНА;С.ВЛАДАЯ;"86 Основно училище ""Св. Климент Охридски""";2202086;12;63,46;12;30,04
СОФИЯ-ГРАД;СТОЛИЧНА;ГР.СОФИЯ;"156-о обединено училище ""Васил Левски""";2210156;11;59,14;11;29,91
СОФИЯ-ГРАД;СТОЛИЧНА;ГР.СОФИЯ;"102. oсновно училище"" Панайот Волов""";2214102;44;51,39;44;29,55
СОФИЯ-ГРАД;СТОЛИЧНА;С.МРАМОР;"175 основно училище ""Васил Левски""";2203175;24;51,6;24;29,52
СОФИЯ-ГРАД;СТОЛИЧНА;ГР.СОФИЯ;"ЧАСТНО ОСНОВНО УЧИЛИЩЕ ""СВЕТЛИНА""";2204595;4;49,13;4;29,5
СОФИЯ-ГРАД;СТОЛИЧНА;С.ДОЛНИ ПАСАРЕЛ;"202 ОСНОВНО УЧИЛИЩЕ ""ХРИСТО БОТЕВ""";2218202;11;50,64;11;28,95
СОФИЯ-ГРАД;СТОЛИЧНА;ГР.СОФИЯ;"82. основно училище ""Васил Евстатиев Априлов""";2213082;24;61,35;24;28,71
СОФИЯ-ГРАД;СТОЛИЧНА;ГР.СОФИЯ;"74 СУ ""ГОЦЕ ДЕЛЧЕВ""";2203074;80;55,26;80;28,23
СОФИЯ-ГРАД;СТОЛИЧНА;ГР.СОФИЯ;"ЧСУ ""Рьорих"" с ранно чуждоезиково обучение и разширено изучаване на музика и изобразително изкуство";2202535;11;59,41;11;28,09
СОФИЯ-ГРАД;СТОЛИЧНА;ГР.СОФИЯ;"3. СУ ""Марин Дринов""";2206003;15;39,17;15;28,05
СОФИЯ-ГРАД;СТОЛИЧНА;ГР.СОФИЯ;"132. Средно училище ""Ваня Войнова""";2209132;49;49,09;49;27,9
СОФИЯ-ГРАД;СТОЛИЧНА;ГР.СОФИЯ;"58 Основно училище ""Сергей Румянцев""";2220058;37;62,73;37;27,85
СОФИЯ-ГРАД;СТОЛИЧНА;ГР.СОФИЯ;"27. Средно училище ""Акад. Георги Караславов""";2212027;10;38,25;10;27,5
СОФИЯ-ГРАД;СТОЛИЧНА;ГР.СОФИЯ;"77 Основно училище Св. Св. Кирил и Методий""";2212077;27;55,5;28;27,48
СОФИЯ-ГРАД;СТОЛИЧНА;ГР.СОФИЯ;199 Основно Училище Свети Апостол Йоан Богослов;2219199;42;62,27;42;27,14
СОФИЯ-ГРАД;СТОЛИЧНА;С.МЪРЧАЕВО;"152 ОСНОВНО УЧИЛИЩЕ ""СВ.СВ. КИРИЛ И МЕТОДИЙ""";2202152;4;71,25;4;26,81
СОФИЯ-ГРАД;СТОЛИЧНА;С.ВОЛУЯК;"146 Основно училище ""Патриарх Евтимий""";2203146;25;58,36;25;26,32
СОФИЯ-ГРАД;СТОЛИЧНА;ГР.СОФИЯ;"85 Средно училище ""Отец Паисий""";2210085;33;53,39;33;26,1
СОФИЯ-ГРАД;СТОЛИЧНА;ГР.СОФИЯ;"93-то Средно училище ""Александър Теодоров - Балан""";2221093;44;50,44;43;26,01
СОФИЯ-ГРАД;СТОЛИЧНА;ГР.НОВИ ИСКЪР;"170 Средно училище ""Васил Левски""";2215170;93;50,45;92;25,91
СОФИЯ-ГРАД;СТОЛИЧНА;ГР.СОФИЯ;"135 средно училище ""Ян Амос Коменски""";2208135;53;50,97;52;25,43
СОФИЯ-ГРАД;СТОЛИЧНА;С.НЕГОВАН;176 ОУ;2215176;23;52,02;23;25,3
СОФИЯ-ГРАД;СТОЛИЧНА;С.БУСМАНЦИ;"65 основно училище ""Св. Св. Кирил и Методий""";2207065;6;37,33;6;24,29
СОФИЯ-ГРАД;СТОЛИЧНА;С.ЧЕПИНЦИ;"160 Основно училище "" Кирил и Методий""";2215160;9;46,89;9;23,92
СОФИЯ-ГРАД;СТОЛИЧНА;ГР.СОФИЯ;117. СУ;2210117;31;46,47;32;22,65
СОФИЯ-ГРАД;СТОЛИЧНА;ГР.СОФИЯ;"159 основно училище ""Васил Левски""";2210159;19;54,84;19;22,41
СОФИЯ-ГРАД;СТОЛИЧНА;ГР.СОФИЯ;"28 Средно училище ""Алеко Константинов""";2208028;40;44,55;39;22,24
СОФИЯ-ГРАД;СТОЛИЧНА;ГР.СОФИЯ;"СПОРТНО УЧИЛИЩЕ ""ГЕН. ВЛАДИМИР СТОЙЧЕВ""";2213307;43;44,95;43;22,06
СОФИЯ-ГРАД;СТОЛИЧНА;С.КАЗИЧЕНЕ;"71 Средно училище ""Пейо Яворов""";2218071;46;47,72;46;21,85
СОФИЯ-ГРАД;СТОЛИЧНА;ГР.СОФИЯ;"90 Средно училище ""Генерал Хосе де Сан Мартин""";2212090;71;49,35;71;21,37
СОФИЯ-ГРАД;СТОЛИЧНА;ГР.СОФИЯ;"131. СУ ""Климент Аркадиевич Тимирязев""";2213131;20;50,73;20;21,25
СОФИЯ-ГРАД;СТОЛИЧНА;ГР.СОФИЯ;"148 ОСНОВНО УЧИЛИЩЕ ""ПРОФЕСОР Д-Р ЛЮБОМИР МИЛЕТИЧ""";2221148;30;49,47;30;20,98
СОФИЯ-ГРАД;СТОЛИЧНА;ГР.СОФИЯ;"29. Средно училище ""Кузман Шапкарев""";2220029;13;42,77;13;20,02
СОФИЯ-ГРАД;СТОЛИЧНА;С.ДОБРОСЛАВЦИ;"179 Основно училище ""Васил Левски""";2215179;15;42,93;15;19,87
СОФИЯ-ГРАД;СТОЛИЧНА;ГР.СОФИЯ;"66 Средно училище ""Филип Станиславов""";2217066;20;32,55;19;18,72
СОФИЯ-ГРАД;СТОЛИЧНА;ГР.СОФИЯ;"140. СРЕДНО УЧИЛИЩЕ ""ИВАН БОГОРОВ""";2203140;56;43,38;56;18,44
СОФИЯ-ГРАД;СТОЛИЧНА;ГР.СОФИЯ;"106 Основно училище "" Григорий Цамблак """;2219106;11;21,27;11;17,59
СОФИЯ-ГРАД;СТОЛИЧНА;ГР.СОФИЯ;"Частно основно училище ""Езиков свят""";2204674;2;41;2;17,5
СОФИЯ-ГРАД;СТОЛИЧНА;ГР.СОФИЯ;"153 Спортно училище ""Неофит Рилски""";2214153;43;37,91;43;17,35
СОФИЯ-ГРАД;СТОЛИЧНА;ГР.СОФИЯ;"69 Средно училище ""Димитър Маринов""";2207069;18;38,28;18;17,33
СОФИЯ-ГРАД;СТОЛИЧНА;ГР.СОФИЯ;"162 Обединено училище ""Отец Паисий""";2210162;39;27,81;37;15,91
СОФИЯ-ГРАД;СТОЛИЧНА;ГР.СОФИЯ;"141 Основно училище ""Народни будители""";2214141;6;31,83;6;14,92
СОФИЯ-ГРАД;СТОЛИЧНА;ГР.СОФИЯ;"124 ОСНОВНО УЧИЛИЩЕ ""ВАСИЛ ЛЕВСКИ""";2219124;8;21,06;9;14,81
СОФИЯ-ГРАД;СТОЛИЧНА;ГР.СОФИЯ;"57 Спортно училище ""Свети Наум Охридски""";2208057;50;27,22;47;14,2
СОФИЯ-ГРАД;СТОЛИЧНА;ГР.СОФИЯ;"130. средно училище ""Стефан Караджа""";2219130;20;32,13;20;13
СОФИЯ-ГРАД;СТОЛИЧНА;ГР.СОФИЯ;"67 ОСНОВНО УЧИЛИЩЕ ""ВАСИЛ ДРУМЕВ""";2204067;40;16,71;42;12,86
СОФИЯ-ГРАД;СТОЛИЧНА;ГР.НОВИ ИСКЪР;"172 Обединено училище ""Христо Ботев""";2215172;9;24,56;9;12,44
СОФИЯ-ГРАД;СТОЛИЧНА;ГР.СОФИЯ;"70-о основно училище ""Свети Климент Охридски""";2203070;15;22,03;15;12,38
СОФИЯ-ГРАД;СТОЛИЧНА;ГР.СОФИЯ;"24 Средно училище ""П.К.Яворов""";2219024;7;28,29;8;12,25
СОФИЯ-ГРАД;СТОЛИЧНА;С.СВЕТОВРАЧЕНЕ;"177 Основно училище "" Св.Св.Кирил и Методий""";2215177;6;19,33;6;12
СОФИЯ-ГРАД;СТОЛИЧНА;ГР.СОФИЯ;"113 СУ ""САВА ФИЛАРЕТОВ""";2206113;18;10,44;15;11,8
СОФИЯ-ГРАД;СТОЛИЧНА;ГР.СОФИЯ;"147 Основно училище ""Йордан Радичков""";2208147;12;15,75;12;11,67
СОФИЯ-ГРАД;СТОЛИЧНА;ГР.СОФИЯ;"37. Средно училище ""Райна Княгиня""";2212037;19;17,45;19;11,59
СОФИЯ-ГРАД;СТОЛИЧНА;ГР.СОФИЯ;"89 ОУ ""Д-р Христо Стамболски""";2207089;15;18,87;14;11,36
СОФИЯ-ГРАД;СТОЛИЧНА;ГР.СОФИЯ;"103 Основно училище ""Васил Левски""";2212103;35;9,89;34;11,09
СОФИЯ-ГРАД;СТОЛИЧНА;ГР.СОФИЯ;"123 Средно училищe ""Стефан Стамболов""";2208123;54;29,34;54;10,93
СОФИЯ-ГРАД;СТОЛИЧНА;ГР.СОФИЯ;"75.Основно училище "" Тодор Каблешков """;2208075;68;13,96;68;10,49
СОФИЯ-ГРАД;СТОЛИЧНА;ГР.СОФИЯ;"94 СРЕДНО УЧИЛИЩЕ ""Димитър Страшимиров""";2221094;53;18,58;51;10,29
СОФИЯ-ГРАД;СТОЛИЧНА;ГР.СОФИЯ;"59 ОБЕДИНЕНО УЧИЛИЩЕ ""ВАСИЛ ЛЕВСКИ""";2220059;16;19,09;16;9,56
СОФИЯ-ГРАД;СТОЛИЧНА;С.ЯНА;"116 Основно училище ""Паисий Хилендарски""";2210116;7;25,79;7;9,43
СОФИЯ-ГРАД;СТОЛИЧНА;ГР.СОФИЯ;"136 ОСНОВНО УЧИЛИЩЕ ""ЛЮБЕН КАРАВЕЛОВ""";2204136;46;20,3;44;9,35