"Град","Код","Име","БЕЛ","МАТ"
"София","2203603","Специално училище за ученици с нарушено зрение ЛУИ БРАЙЛ","87","71"
"София","2202612","Специално училище за ученици с увреден слух Проф. д-р Дечо Денев","60.25","40.62"
"София","2902101","Национално музикално училище Любомир Пипков","87.04","70.86"
"София","2902701","Национален учебен комплекс по култура с лицей за изучаване на италиански език и култура с участието на Република Италия","86.28","73.55"
"София","2204134","134. средно училище Димчо Дебелянов","89.28","77.01"
"София","2217151","НАЦИОНАЛНО СРЕДНО УЧИЛИЩЕ СОФИЯ","85.45","73.47"
"София","2214098","98 Начално училище Св. св. Кирил и Методий","83.97","74.02"
"София","2210156","156-о обединено училище Васил Левски","77.38","53.31"
"София","2210162","162 Обединено училище Отец Паисий","48.83","41.19"
"София","2220059","59 ОБЕДИНЕНО УЧИЛИЩЕ ВАСИЛ ЛЕВСКИ","31","27.65"
"София","2202005","5 Основно училище Иван Вазов","85.91","79.43"
"София","2202050","50. ОСНОВНО УЧИЛИЩЕ ВАСИЛ ЛЕВСКИ","83.08","71.64"
"София","2202052","52. основно училище Цанко Церковски","89.26","76.95"
"София","2202064","64 основно училище Цар Симеон Велики ","84.96","72.88"
"София","2203061","61-во основно училище Свети Свети Кирил и Методий","83.95","68.86"
"София","2203062","62. Основно училище Христо Ботев","81.6","65.88"
"София","2203070","70-о основно училище Свети Климент Охридски","45.71","34.71"
"София","2204046","46 Основно училище Константин Фотинов с разширено изучаване на хореография","85","71.79"
"София","2204067","67 ОСНОВНО УЧИЛИЩЕ ВАСИЛ ДРУМЕВ","35.71","45.33"
"София","2204076","76. Основно училище Уилям Сароян","79.16","66.56"
"София","2204136","136 ОСНОВНО УЧИЛИЩЕ ЛЮБЕН КАРАВЕЛОВ","25.93","19.7"
"София","2205011","11 ОУ Св. Пимен Зографски","87.74","75.94"
"София","2206043","43. Основно училище Христо Смирненски","85.43","69.53"
"София","2206045","45 основно училище Константин Величков","81.9","70.21"
"София","2207004","4. Основно училище Проф. Джон Атанасов","84.92","73.2"
"София","2207089","89 ОУ Д-р Христо Стамболски","39.71","59.75"
"София","2207150","150-то ОСНОВНО УЧИЛИЩЕ ЦАР СИМЕОН ПЪРВИ","82.11","71.55"
"София","2207163","163 ОСНОВНО УЧИЛИЩЕ ЧЕРНОРИЗЕЦ ХРАБЪР","84.75","72.92"
"София","2208075","75.Основно училище Тодор Каблешков ","27","21.55"
"София","2208092","92 Основно училище Димитър Талев","84.4","72.99"
"София","2208147","147 Основно училище Йордан Радичков","37.87","39.29"
"София","2209025","25 основно училище Д-р Петър Берон","87.93","74.47"
"София","2209034","34 ОСНОВНО УЧИЛИЩЕ СТОЮ ШИШКОВ","85.31","74.81"
"София","2209142","142 ОСНОВНО УЧИЛИЩЕ ВЕСЕЛИН ХАНЧЕВ","83.09","69.97"
"София","2210159","159 основно училище Васил Левски","82.61","65.87"
"София","2211107","107. основно училище Хан Крум","91.9","83.57"
"София","2211120","120 Основно училище Георги Сава Раковски","92.91","81.16"
"София","2211122","122 ОСНОВНО УЧИЛИЩЕ НИКОЛАЙ ЛИЛИЕВ Иновативно училище с роботика и приложно програмиране","86.36","75.34"
"София","2211139","139 Основно училище Захарий Круша","91.53","81.17"
"София","2212033","33 основно училище Санкт Петербург","88.54","75.03"
"София","2212077","77 Основно училище Св. Св. Кирил и Методий","68.88","60.83"
"София","2212103","103 Основно училище Васил Левски","18.71","21.38"
"София","2213082","82. основно училище Васил Евстатиев Априлов","76.93","63.71"
"София","2213145","145 Основно училище Симеон Радев ","91.52","81.42"
"София","2214016","16 . ОСНОВНО УЧИЛИЩЕ РАЙКО ЖИНЗИФОВ ","79.23","63.36"
"София","2214063","63 Основно училище Христо Ботев","87.56","78.35"
"София","2214102","102. oсновно училище Панайот Волов","82.02","64.43"
"София","2214141","141 Основно училище Народни будители","27.3","23.1"
"София","2216112","112 ОСНОВНО УЧИЛИЩЕ СТОЯН ЗАИМОВ","85.93","73.63"
"София","2216129","129 Основно Училище Антим -І","88.99","76.8"
"София","2217053","53 ОСНОВНО УЧИЛИЩЕ НИКОЛАЙ ХРЕЛКОВ","78.55","70.03"
"София","2217072","72 Основно училище Христо Ботев ","85.3","68.74"
"София","2218083","83. Основно училище Елин Пелин","76.83","63.43"
"София","2219042","42. Основно училище Хаджи Димитър","79.4","64.61"
"София","2219049","49-то Основно училище Бенито Хуарес","84.88","68.15"
"София","2219106","106 Основно училище Григорий Цамблак ","37.33","31.25"
"София","2219124","124 ОСНОВНО УЧИЛИЩЕ ВАСИЛ ЛЕВСКИ","26.33","17.7"
"София","2219143","143 основно училище Георги Бенковски","88.28","76.84"
"София","2219199","199 Основно Училище Свети Апостол Йоан Богослов","72.38","61.77"
"София","2220048","48 ОСНОВНО УЧИЛИЩЕ ЙОСИФ КОВАЧЕВ","81.11","68.38"
"София","2220058","58 Основно училище Сергей Румянцев","79.7","63.27"
"София","2220060","60 ОУ Св.св.Кирил и Методий","78.6","61.47"
"София","2220100","100 ОСНОВНО УЧИЛИЩЕ НАЙДЕН ГЕРОВ","90.2","80.8"
"София","2221109","109 Основно училище Христо Смирненски","90.2","79.39"
"София","2221148","148 ОСНОВНО УЧИЛИЩЕ ПРОФЕСОР Д-Р ЛЮБОМИР МИЛЕТИЧ","82.04","71.9"
"София","2222006","6 ОУ Граф Игнатиев","85.9","71.75"
"София","2222038","38 основно училищеВасил Априлов","87.34","74.41"
"София","2224020","20.Иновативно основно училище Тодор Минков с ранно чуждоезиково обучение по френски и немски език","89.77","75.75"
"София","2224041","41 основно училище Св. Патриарх Евтимий","84.68","70.18"
"София","2224104","104 основно училище Захари Стоянов","90.75","80.65"
"София","2224126","126 ОСНОВНО УЧИЛИЩЕ Петко Юрданов Тодоров","83.27","70.02"
"София","2202002","2 Средно училище Академик Емилиян Станев ","87.47","73.35"
"София","2202026","26 Средно училище Йордан Йовков","85.85","69.58"
"София","2203074","74 СУ ГОЦЕ ДЕЛЧЕВ","79.47","65.1"
"София","2203140","140. СРЕДНО УЧИЛИЩЕ ИВАН БОГОРОВ","82.17","61.2"
"София","2204018","18 Средно училище Уилям Гладстон","85.75","75.04"
"София","2204030","30 СРЕДНО УЧИЛИЩЕ БРАТЯ МИЛАДИНОВИ","81.73","67.48"
"София","2204032","32. СРЕДНО УЧИЛИЩЕ С ИЗУЧАВАНЕ НА ЧУЖДИ ЕЗИЦИ СВЕТИ КЛИМЕНТ ОХРИДСКИ","86.84","74.16"
"София","2205105","105. СРЕДНО УЧИЛИЩЕ АТАНАС ДАЛЧЕВ","89.14","79.99"
"София","2205119","119 Средно училище Академик Михаил Арнаудов","86.23","74.75"
"София","2206003","3. СУ Марин Дринов","71.19","58.62"
"София","2206113","113 СУ САВА ФИЛАРЕТОВ","18.19","26.43"
"София","2207068","68. Средно училище Академик Никола Обрешков","82.08","70.13"
"София","2207069","69 Средно училище Димитър Маринов","76.94","58.97"
"София","2207108","108 Средно училище Никола Беловеждов","86.55","69.17"
"София","2208017","17 СУ Дамян Груев с ранно чуждоезиково обучение","86.04","70.78"
"София","2208028","28 Средно училище Алеко Константинов","69.87","57.61"
"София","2208123","123 Средно училищe Стефан Стамболов","42.95","28.18"
"София","2208135","135 средно училище Ян Амос Коменски","72.8","58.68"
"София","2209019","19 СРЕДНО УЧИЛИЩЕ ЕЛИН ПЕЛИН","86.97","75.71"
"София","2209036","36 Средно училище Максим Горки","87.46","74.9"
"София","2209051","51 СРЕДНО УЧИЛИЩЕ ЕЛИСАВЕТА БАГРЯНА","91.93","78.45"
"София","2209132","132. Средно училище Ваня Войнова","75.55","65.95"
"София","2210085","85 Средно училище Отец Паисий","75.08","57.53"
"София","2210117","117. СУ","70.38","59.79"
"София","2211021","21 СРЕДНО УЧИЛИЩЕ ХРИСТО БОТЕВ","82.63","69.52"
"София","2211035","35. СРЕДНО ЕЗИКОВО УЧИЛИЩЕ ДОБРИ ВОЙНИКОВ","87.64","75.13"
"София","2212027","27. Средно училище Акад. Георги Караславов","66.36","50.64"
"София","2212037","37. Средно училище Райна Княгиня","41.54","29.08"
"София","2212040","40 Средно училище Луи Пастьор","86.54","73.35"
"София","2212056","56. Средно училище Професор Константин Иречек","83.72","70.27"
"София","2212079","79 средно училище Индира Ганди","77.74","66.49"
"София","2212090","90 Средно училище Генерал Хосе де Сан Мартин","76.5","64"
"София","2212096","96 Средно училище Лев Николаевич Толстой","82.97","67.8"
"София","2212097","97 Средно училище Братя Миладинови","80.21","60.55"
"София","2212137","137 средно училище Ангел Кънчев","84.77","72.67"
"София","2213010","10 Средно училище Теодор Траянов ","92.1","80.35"
"София","2213039","39 Средно училище Петър Динеков","85.03","71.8"
"София","2213081","81. Средно училище Виктор Юго","83.31","72.07"
"София","2213118","118 Средно училище Академик Людмил Стоянов","84.71","74.49"
"София","2213125","125 СУ Боян Пенев с изучаване на чужди езици","88.81","79.68"
"София","2213128","128 СРЕДНО УЧИЛИЩЕ АЛБЕРТ АЙНЩАЙН","87.47","76.47"
"София","2213131","131. СУ Климент Аркадиевич Тимирязев","78.58","64.68"
"София","2213144","144 Средно училище Народни будители","86.07","70.3"
"София","2214015","15 Средно училище Адам Мицкевич","76.96","62.93"
"София","2214054","54. СРЕДНО УЧИЛИЩЕ Свети ИВАН РИЛСКИ","84.88","67.68"
"София","2214101","101. СРЕДНО УЧИЛИЩЕ БАЧО КИРО","83.2","68.38"
"София","2216001","1 Средно училище Пенчо П. Славейков","88.68","77.77"
"София","2217066","66 Средно училище Филип Станиславов","46.09","44.45"
"София","2217088","88. Средно училище Димитър Попниколов","84.17","70.16"
"София","2217149","149 Средно училище ,,Иван Хаджийски","74.08","60.53"
"София","2219024","24 Средно училище П.К.Яворов","50","41.2"
"София","2219044","44. Средно училище Неофит Бозвели","84.43","70.63"
"София","2219095","95 СУ Проф. Иван Шишманов","81.82","63.27"
"София","2219130","130. средно училище Стефан Караджа","68.09","49"
"София","2220014","14. средно училище Проф. д-р Асен Златаров","83","68.95"
"София","2220029","29. Средно училище Кузман Шапкарев","43.08","43.73"
"София","2221023","23 Средно училище Фредерик Жолио-Кюри","83.65","70.24"
"София","2221031","31 Средно училище за чужди езици и математика Иван Вазов","91.28","77.6"
"София","2221093","93-то Средно училище Александър Теодоров - Балан","86.87","70.48"
"София","2221094","94 СРЕДНО УЧИЛИЩЕ Димитър Страшимиров","29.02","27.54"
"София","2221138","138. СРЕДНО УЧИЛИЩЕ ЗА ЗАПАДНИ И ИЗТОЧНИ ЕЗИЦИ ПРОФ. ВАСИЛ ЗЛАТАРСКИ","91.81","79.2"
"София","2222007","7. СРЕДНО УЧИЛИЩЕ СВ. СЕДМОЧИСЛЕНИЦИ","90.69","80.86"
"София","2222012","12 Средно училище Цар Иван Асен II","81.31","72.12"
"София","2222127","127 СРЕДНО УЧИЛИЩЕ Иван Николаевич Денкоглу","88.81","77.08"
"София","2222133","133 Средно училище „Александър Сергеевич Пушкин”","90.37","79.77"
"София","2223008","8. Средно училище Васил Левски","86.07","75.67"
"София","2223055","55 СРЕДНО УЧИЛИЩЕ ПЕТКО КАРАВЕЛОВ","89.35","79.79"
"София","2224022","22 Средно езиково училище Георги Стойков Раковски","87.11","74.44"
"София","2224047","47 Средно училище Христо Груев Данов","83.26","71.44"
"София","2224073","73.СУ с преподаване на чужди езици Владислав Граматик","89.3","77.3"
"София","2224121","121 СРЕДНО УЧИЛИЩЕ ГЕОРГИ ИЗМИРЛИЕВ","85.51","71.58"
"София","2200024","Частно начално училище Наука за деца","92.59","90.06"
"София","2221621","Частно начално училище Питагор","94.89","90.63"
"София","2200021","ЧОУ Роналд Лаудер","87.47","75"
"София","2202537","Частно основно училище Света София ЕООД","93.9","90.54"
"София","2202705","Частно Основно Училище Откривател","69.43","66.14"
"София","2204595","ЧАСТНО ОСНОВНО УЧИЛИЩЕ СВЕТЛИНА","90","74.23"
"София","2205521","Частно основно училище Св. Климент Охридски ","93.28","85.33"
"София","2211518","Частно основно училище Д-р Петър Берон","90.99","82.04"
"София","2212554","ЧАСТНО ОСНОВНО УЧИЛИЩЕ ЕРИХ КЕСТНЕР","86.5","73.31"
"София","2213502","Частно основно училище с изучаване на английски език Меридиан 22","91.13","83.38"
"София","2213721","Частно основно училище Азбуки","88.86","81.11"
"София","2217525","Частно основно училище Монтесори ЕООД","91.58","86.67"
"София","2217722","ЧАСТНО ОСНОВНО УЧИЛИЩЕ ТОМАС ЕДИСЪН","96.31","89.92"
"София","2218703","Частно основно училище Изгрев","85.1","76.2"
"София","2221501","ЧАСТНО ОСНОВНО УЧИЛИЩЕ ОБРАЗОВАТЕЛНИ ТЕХНОЛОГИИ","90.53","79.56"
"София","2221614","Частно основно училище Джани РоДари ЕООД","85.2","81.4"
"София","2224672","Частно основно училище Куест","87.33","80.67"
"София","2224677","Частно основно училище Прогресивно образование","87.21","72.25"
"София","2211598","ЧАСТНО СРЕДНО ЕЗИКОВО УЧИЛИЩЕ ГАЛИНА СЕРГЕЕВНА УЛАНОВА","88.88","77.31"
"София","2200023","Частно средно училище Константин-Кирил Философ","67.83","57"
"София","2201515","Частно средно училище Цар Симеон Велики","87.33","71.4"
"София","2202534","Частно профилирано средно училище Свети Наум","81.33","83.33"
"София","2202535","ЧСУ Рьорих с ранно чуждоезиково обучение и разширено изучаване на музика и изобразително изкуство","76.75","82.2"
"София","2202536","Частно средно езиково училище Британика","86.9","75.25"
"София","2202574","Частно средно училище Свети Георги","90.41","79.08"
"София","2202620","Частно средно училище Професор Николай Райнов","73.9","55.81"
"София","2202704","Частно средно училище Евлоги и Христо Георгиеви ЕООД","88.33","72.94"
"София","2203720","Частно средно училище Дружба - София","80.82","73.52"
"София","2204549","Частно средно училище с немски език Веда","94.91","95.57"
"София","2208526","Частно средно училище Орфей","0","0"
"София","2209529","Частно езиково средно училище Дорис Тенеди","92.46","86.54"
"София","2211564","Частно средно училище Българско школо ООД","91.68","83.46"
"София","2212553","Частно средно училище Петко Рачов Славейков","84.4","72.6"
"София","2213506","Частно средно училище с ранно чуждоезиково обучение ЕСПА","91.09","81.83"
"София","2213600","Частно средно училище с чуждоезиков профил Абрахам Линкълн","75.82","60.73"
"София","2216532","Частно средно училище УВЕКИНД","89.81","87.51"
"София","2224544","ЧСУ по изкуства и чужди езици Артис","84.79","81.07"
"Пловдив","1690271","Специално училище за ученици с увреден слух Проф. Д-р Ст. Белинов","38","25"
"Пловдив","2902102","Национално училище за музикално и танцово изкуство Добрин Петков","85.82","72.33"
"Пловдив","1690242","39-то Начално училище Кирил Нектариев","23.38","43.65"
"Пловдив","1690243","Начално училище Петко Рачов Славейков ","87.8","74.76"
"Пловдив","1690441","Начално училище Христо Ботев","87.93","77.87"
"Пловдив","1690543","Начално училище Климент Охридски","90.24","79.46"
"Пловдив","1690246","Обединено училище Пенчо Славейков","21.81","22.89"
"Пловдив","1690443","Обединено училище Йордан Йовков","50.38","44.85"
"Пловдив","1690142","Основно училище Алеко Константинов","85.68","73.76"
"Пловдив","1690143","ОУВиктория и Крикор Тютюнджян","84.26","74.78"
"Пловдив","1690144","Основно училище Гео Милев","20.43","26.88"
"Пловдив","1690146","Основно Училище Д-р Петър Берон","82.98","68.87"
"Пловдив","1690147","Основно УчилищеДушо Хаджидеков","86.97","74.75"
"Пловдив","1690148","Основно училище Екзарх Антим ","86.03","70.48"
"Пловдив","1690149","Основно Училище Кочо Честеменски","88.64","75.5"
"Пловдив","1690152","Основно училище Княз Александър I","84.49","75.66"
"Пловдив","1690244","Основно училище Васил Левски","86.4","70.24"
"Пловдив","1690245","Основно училище Димчо Дебелянов","27.78","35.14"
"Пловдив","1690341","Основно училище Васил Петлешков","88.45","75.55"
"Пловдив","1690342","Основно училище Драган Манчов ","86.2","78.63"
"Пловдив","1690343","Основно училище Елин Пелин","83.92","76.97"
"Пловдив","1690344","Основно училище Тодор Каблешков","84.32","75.57"
"Пловдив","1690442","Основно училище Димитър Тодоров Димов","78.19","57.22"
"Пловдив","1690444","Основно училище Панайот Волов","11.56","15.26"
"Пловдив","1690445","Основно училище Райна Княгиня","86.2","72.27"
"Пловдив","1690544","Основно училище Димитър Талев","82.24","68.72"
"Пловдив","1690545","Основно училище Захари Стоянов","77.76","64.28"
"Пловдив","1690546","Основно училище Стоян Михайловски","82.79","69.05"
"Пловдив","1690547","Основно училище Яне Сандански","85.57","71.33"
"Пловдив","1690150","Средно училище Любен Каравелов","85.6","75.33"
"Пловдив","1690154","Средно училище СВ. ПАИСИЙ ХИЛЕНДАРСКИ ","81.96","65.78"
"Пловдив","1690155","Средно училище Свети Климент Охридски","79.32","70.47"
"Пловдив","1690156","Средно училище Свети Патриарх Евтимий","88.21","79.15"
"Пловдив","1690157","Средно училище Цар Симеон Велики","77.51","60.08"
"Пловдив","1690247","Средно училище Найден Геров","30.06","45.84"
"Пловдив","1690248","Средно училище Симон Боливар","75","62.55"
"Пловдив","1690345","Средно училище Свети свети Кирил и Методий","84.16","68.57"
"Пловдив","1690446","Средно училище Никола Вапцаров","81.33","68.53"
"Пловдив","1690447","Средно училище Пейо Крачолов Яворов","84.92","71.24"
"Пловдив","1690448","Средно училище Христо Груев Данов","86.47","72.16"
"Пловдив","1690542","Средно училище Братя Миладинови","84.35","69.87"
"Пловдив","1690549","Средно училище Константин Величков ","79.36","61.05"
"Пловдив","1690550","Средно училище Свети Константин - Кирил Философ","85.57","71.78"
"Пловдив","1690642","Средно училище Димитър Матевски","83.86","68.28"
"Пловдив","1690643","Средно училище Свети Седмочисленици","87.96","74.17"
"Пловдив","1690644","Средно училище Свети Софроний Врачански","84.98","74.29"
"Пловдив","1690645","СРЕДНО УЧИЛИЩЕ ЧЕРНОРИЗЕЦ ХРАБЪР","84.2","74.86"
"Пловдив","1690907","Частно основно училище Класик","74.6","64.1"
"Пловдив","1690912","Частно основно училище Бъдеще","81.6","75.6"
"Пловдив","1690901","ЧАСТНО СРЕДНО УЧИЛИЩЕ ДРУЖБА","77.53","71.33"
"Варна","2902106","НАЦИОНАЛНО УЧИЛИЩЕ ПО ИЗКУСТВАТА ДОБРИ ХРИСТОВ","88.08","75.23"
"Варна","400001","Начално училище Васил Левски","83.91","72.02"
"Варна","400003","Основно училище Антон Страшимиров","82.57","70.06"
"Варна","400005","Основно училище Васил Априлов","83.99","69.48"
"Варна","400006","Основно училище Георги Сава Раковски","89.69","77.32"
"Варна","400007","Основно училище Добри Чинтулов","82.6","67.51"
"Варна","400008","Основно училище Захари Стоянов","85.49","72.6"
"Варна","400009","Основно училище Иван Вазов","82.44","68.3"
"Варна","400010","Основно училище Свети Иван Рилски","43.18","52.7"
"Варна","400011","Основно училище Йордан Йовков","83.34","67.59"
"Варна","400012","Основно училище Константин Арабаджиев","81","70.11"
"Варна","400015","Основно училище Капитан Петко войвода","71.8","56.3"
"Варна","400017","Основно училище Отец Паисий","44","41.3"
"Варна","400018","Основно училище Панайот Волов","79.09","67.77"
"Варна","400019","Основно училище Свети Патриарх Евтимий","78.6","65.55"
"Варна","400020","Основно училище Петко Рачов Славейков","88.06","80.77"
"Варна","400022","Основно училище Свети свети Кирил и Методий","88.08","79.37"
"Варна","400023","Основно училище Стефан Караджа","80.54","65.73"
"Варна","400024","Основно училище Стоян Михайловски","80.42","60.37"
"Варна","400026","Основно училище Христо Ботев","74.43","61.54"
"Варна","400028","Основно училище Цар Симеон І","86.73","73.98"
"Варна","400029","Основно училище Черноризец Храбър","86.07","76.11"
"Варна","400032","Основно училище Васил Друмев","87.6","73.35"
"Варна","403535","Първо основно училище Св. княз Борис ","75.32","60.22"
"Варна","403536","III Oсновно училище Ангел Кънчев","87.46","75.68"
"Варна","403543","Второ основно училище Никола Йонков Вапцаров","85.78","68.69"
"Варна","400030","Седмо средно училище Найден Геров","89.15","77.64"
"Варна","400031","Средно училище с езиково обучение Ал. С. Пушкин","88.22","74.15"
"Варна","400034","Средно училище Гео Милев","89.53","80.11"
"Варна","400036","Средно училище Елин Пелин","35.48","38.85"
"Варна","400037","Средно училище Любен Каравелов","55.69","48.62"
"Варна","400039","Средно училище Пейо Крачолов Яворов","84.7","72.42"
"Варна","400040","Средно училище Свети Климент Охридски","89.96","75.99"
"Варна","403537","Средно училище Димчо Дебелянов","86.27","71.25"
"Варна","403538","Средно училище Неофит Бозвели","76.37","66.37"
"Варна","400075","Частно основно училище Малкият принц","89","78.48"
"Варна","400120","Частно основно училище Монтесори Варна","89.33","88.83"
"Варна","403564","Частно средно училище Монтесори Варна ООД","76.5","75"
"Варна","400061","Частно средно училище Аз съм българче","79.36","63.14"
"Варна","403558","Частно средно училище Мечтатели","84.91","71.86"
"Бургас","2902103","Национално училище за музикално и сценично изкуство Проф. Панчо Владигеров","87.52","71.78"
"Бургас","200201","Начално базово училище Михаил Лъкатник","87.91","79.15"
"Бургас","200226","Обединено училище Св. Климент Охридски","43.64","39.92"
"Бургас","200205","Основно училище Петко Рачев Славейков","86.86","75.35"
"Бургас","200206","Основно училище Свети княз Борис І","84.37","73.34"
"Бургас","200207","Основно училище Любен Каравелов","82.65","69.61"
"Бургас","200208","Основно училище Найден Геров","77.53","67.26"
"Бургас","200209","Основно училище Антон Страшимиров","85.86","76.41"
"Бургас","200210","Основно училище Свети Климент Охридски","83.7","71.64"
"Бургас","200211","Основно училище Георги Бенковски","81.1","67.33"
"Бургас","200212","Основно училище Пейо Крачолов Яворов","86.13","73.24"
"Бургас","200213","Основно училище Васил Априлов","88.57","79.1"
"Бургас","200214","Основно училище Братя Миладинови","86.21","77.43"
"Бургас","200215","Основно училище Елин Пелин","84.86","72.7"
"Бургас","200216","Основно училище Васил Левски","35.83","55.74"
"Бургас","200217","Основно училище Христо Ботев","85.22","69.71"
"Бургас","200218","Основно училище Христо Ботев","25.72","26.06"
"Бургас","200219","Основно училище Христо Ботев","79.26","59.11"
"Бургас","200222","Основно училище Иван Вазов","67.4","57.9"
"Бургас","200223","Основно училище Христо Ботев","78.37","67.53"
"Бургас","200241","Основно училище Александър Георгиев-Коджакафалията","88.64","83.81"
"Бургас","200221","Средно училище Христо Ботев","68.64","53.07"
"Бургас","200228","Средно училище Йордан Йовков","86.57","76.43"
"Бургас","200229","Средно училище Епископ Константин Преславски","78.75","63.67"
"Бургас","200230","Средно училище Димчо Дебелянов","87.63","78.72"
"Бургас","200231","Средно училище Добри Чинтулов","85.68","82.64"
"Бургас","200232","Средно училище Константин Петканов","79.18","67.24"
"Бургас","200233","Средно училище Петко Росен","75.58","60.5"
"Бургас","200234","Средно училище Св. св. Кирил и Методий","86.36","78.76"
"Бургас","200203","Частно основно училище Д-р Мария Монтесори","89.2","75.4"
"Благоевград","100020","Второ основно училище Димитър Благоев","86.87","70.86"
"Благоевград","100040","Четвърто основно училище Димчо Дебелянов","84.35","63.97"
"Благоевград","100110","Единадесето основно училище Христо Ботев","81.11","63"
"Благоевград","101290","Трето основно училище Димитър Талев","91.22","80.35"
"Благоевград","101700","Девето основно училище Пейо Крачолов Яворов","26.33","27.82"
"Благоевград","100070","Седмо средно училище Кузман Шапкарев","89.44","75.99"
"Благоевград","101250","Средно училище с изучаване на чужди езици Свети Климент Охридски","81.69","65.07"
"Благоевград","101580","Осмо средно училище Арсени Костенцев","86.9","75.65"
"Благоевград","101880","Средно училище Иван Вазов","83.64","71.95"
"Благоевград","102060","Пето средно училище Георги Измирлиев","84","71.81"
"Велико Търново","300101","Основно училище Христо Ботев","38.22","26.78"
"Велико Търново","300102","Основно училище Бачо Киро","83.34","71.16"
"Велико Търново","300103","Основно училище Св. Патриарх Евтимий","86.79","75.89"
"Велико Търново","300104","Основно училище Димитър Благоев","73.87","55.67"
"Велико Търново","300105","Основно училище Петко Рачев Славейков","80.74","62.42"
"Велико Търново","300124","Средно училище Емилиян Станев","85.83","72.25"
"Велико Търново","300125","Средно училище Вела Благоева","82.93","67.7"
"Велико Търново","300126","Средно училище Владимир Комаров","71.74","54.37"
"Видин","500104","ОУ Любен Каравелов","80.88","59.95"
"Видин","500111","ОУ Епископ Софроний Врачански","61.17","64.94"
"Видин","500112","ОУ Отец Паисий","59.71","32.71"
"Видин","500113","ОУ Св. Климент Охридски","50","38.75"
"Видин","503312","ОУ Иван Вазов","83.45","69.16"
"Видин","503132","СУ Цар Симеон Велики","85.74","70.96"
"Видин","503241","СУ Св. св. Кирил и Методий","70.88","55.45"
"Видин","503242","СУ Петко Рачов Славейков","61.47","49.73"
"Враца","601031","Начално училище Иванчо Младенов","87.86","72.83"
"Враца","601035","Начално училище Иван Вазов","84.87","69.89"
"Враца","601037","Начално училище Свети Софроний Врачански","82.64","67.7"
"Враца","602041","Основно училище Васил Левски","61.63","48.42"
"Враца","602042","Основно училище Свeти свети Кирил и Методий","66","49.73"
"Враца","603057","Средно училище Отец Паисий","59.06","41.44"
"Враца","603058","Средно училище Христо Ботев","88.93","76.52"
"Враца","603059","Средно училище Васил Кънчов","83.56","75.69"
"Враца","603070","Средно училище Никола Войводов","78.93","60.36"
"Габрово","700101","Начално училище Васил Левски","74.89","59.94"
"Габрово","700102","Основно училище Ран Босилек","84.03","77.16"
"Габрово","700103","Основно училище Неофит Рилски","84.36","69.06"
"Габрово","700106","VI Основно училище Иван Вазов","62.06","48.11"
"Габрово","700108","Основно училищеСвети Свети Кирил и Методий","86.71","77.07"
"Габрово","700112","Основно училище Христо Ботев","66.7","52.96"
"Габрово","700113","Средно училище Отец Паисий","78.21","65.95"
"Габрово","700114","Средно училище Райчо Каролев","84.2","70.97"
"Добрич","800003","Обединено училище Йордан Йовков","21","23.7"
"Добрич","800004","Основно училище Никола Йонков Вапцаров","52.36","42.57"
"Добрич","800007","Основно училище Панайот Волов","37.95","38.82"
"Добрич","800008","Основно училище Стефан Караджа","72.25","55"
"Добрич","800009","Основно училище Хан Аспарух","89.18","76.89"
"Добрич","800010","Основно училище Христо Смирненски","48.13","37.37"
"Добрич","800011","Основно училище Христо Ботев","83.9","69.48"
"Добрич","800013","Средно училище Димитър Талев","78.6","60.71"
"Добрич","800015","Средно училище Свети Климент Охридски","84.84","64.43"
"Добрич","800016","Средно училище Любен Каравелов","83.52","72.55"
"Добрич","800017","Средно училище Петко Рачов Славейков","88.2","75.07"
"Добрич","800018","Средно училище Свети свети Кирил и Методий","87.04","70.98"
"Добрич","800326","Частно средно училище с профилирана подготовка по чужди езици и математика Леонардо да Винчи","95","89"
"Кърджали","909104","Основно училище Свети Климент Охридски","54.27","54.2"
"Кърджали","909115","Основно училище Васил Левски","38","30.85"
"Кърджали","909116","Основно училище Свети Свети Кирил и Методий","57.54","49.81"
"Кърджали","909117","Основно училище Пейо Крачолов Яворов","24.43","30.76"
"Кърджали","909101","Средно училище Владимир Димитров - Майстора","65.88","58.61"
"Кърджали","909103","Средно училище Йордан Йовков","73.78","62.29"
"Кърджали","909105","Средно училище Отец Паисий с природоматематическа насоченост","79.9","63.99"
"Кърджали","909106","Средно училище Петко Рачов Славейков","76.71","61.37"
"Кюстендил","1000380","Начално училище Свети Климент Охридски","84.04","77.41"
"Кюстендил","1000330","Основно училище Професор Марин Дринов","67.57","49.46"
"Кюстендил","1001410","Шесто основно училище Свети Паисий Хилендарски","59.24","48.57"
"Кюстендил","1001830","Основно училищеСв. Св. Кирил и Методий","80.66","64.62"
"Ловеч","1100301","Основно училище Васил Левски","87.18","74.16"
"Ловеч","1100304","Основно училище Христо Никифоров","85.02","69.68"
"Ловеч","1100305","Основно училище Свети Свети Кирил и Методий","33.19","42.88"
"Ловеч","1100336","Основно училище Професор Димитър Димов","71.88","59.69"
"Ловеч","1100316","Средно училище Тодор Кирков","77.27","51.27"
"Ловеч","1100318","Средно училище Свети Климент Охридски","74.78","59.78"
"Монтана","1201000","Начално училище Георги Бенковски","29.16","30.48"
"Монтана","1201003","Първо основно училище Св.Св. Кирил и Методий","74.98","56.78"
"Монтана","1201005","Tрето основно училище Д-р Петър Берон","82.34","66.56"
"Монтана","1201006","Четвърто основно училище Иван Вазов","84.08","71.15"
"Монтана","1201007","Пето основно училище Христо Ботев","72.7","57.44"
"Монтана","1201004","Второ средно училище Никола Йонков Вапцаров","81.67","69.13"
"Монтана","1201011","Седмо средно училище Йордан Радичков","73.88","57.28"
"Монтана","1201034","Шесто средно училище Отец Паисий","77.08","63.36"
"Пазарджик","1301215","Начално училище Васил Левски","81","65.71"
"Пазарджик","1301222","Начално училище Отец Паисий","85.6","70.24"
"Пазарджик","1301247","Начално училище Васил Друмев","88.6","84.04"
"Пазарджик","1301254","Начално училище Георги Сава Раковски","23.19","37.96"
"Пазарджик","1305320","Начално училище Никола Фурнаджиев","88.37","73.15"
"Пазарджик","1301717","Oсновно училище Проф. Иван Батаклиев","86.71","74.2"
"Пазарджик","1301724","Основно училищеСв.св.Кирил и Методий","27.43","22.43"
"Пазарджик","1302502","Първо основно училище Свети Климент Охридски","77.87","67.32"
"Пазарджик","1302517","Основно училище Стефан Захариев","88","69"
"Пазарджик","1302534","Основно училище Христо Ботев","48.07","37.14"
"Пазарджик","1304930","Основно училище Христо Смирненски","76","62.27"
"Пазарджик","1307267","Основно училище Любен Каравелов","68.14","53.54"
"Пазарджик","1301234","Средно училище Димитър Гачев","25.37","30.59"
"Пазарджик","1304948","Средно училище Георги Бенковски","83.85","67.09"
"Пазарджик","1305338","Средно училище Георги Брегов","81.63","63.72"
"Пазарджик","1305831","Средно училище Д-р Петър Берон","82.77","64.85"
"Перник","1403201","Основно училище Свети Иван Рилски","83.72","69.45"
"Перник","1403202","VII Основно училище Георги Сава Раковски","76.12","57.26"
"Перник","1403203","VIII основно училище Кракра Пернишки","65.25","52.67"
"Перник","1403205","Х Основно училище Алеко Константинов","80.94","63.8"
"Перник","1403206","ХI Основно Училище Елин Пелин","84.29","68"
"Перник","1403207","ХII Основно училище Васил Левски - град Перник","82","66.2"
"Перник","1403208","ХIII Основно училище Свети свети Кирил и Методий","77.42","65.59"
"Перник","1403211","Основно училище Свети Константин Кирил Философ","67.68","46.14"
"Перник","1403215","XVI Основно училище Свети свети Кирил и Методий","80.95","61.93"
"Перник","1403204","Средно училище Темелко Ненков","44.21","30.5"
"Перник","1403213","Пето средно училище Петко Рачов Славейков","74.53","55.35"
"Перник","1403214","VI Средно училище Свети Свети Кирил и Методий ","73.4","58.46"
"Перник","1403216","Средно училище с разширено изучаване на чужди езици Д-р Петър Берон","81.65","63.88"
"Плевен","2902107","НАЦИОНАЛНО УЧИЛИЩЕ ПО ИЗКУСТВАТА ПАНАЙОТ ПИПКОВ","84.38","78.45"
"Плевен","1500101","Начално училище Единство","81.5","65.13"
"Плевен","1500102","Начално училище Христо Ботев","85.58","73.2"
"Плевен","1500103","Начално училище Патриарх Евтимий","85.9","71.52"
"Плевен","1500105","Начално училище Отец Паисий","89.65","73.07"
"Плевен","1500110","Основно училище Д-р Петър Берон","82.38","64.73"
"Плевен","1500112","Основно училищe Свети Климент Охридски","77.55","60.89"
"Плевен","1500113","Основно училище Васил Левски","81.72","61.8"
"Плевен","1500114","Основно училище Йордан Йовков","79.48","68.24"
"Плевен","1500115","Основно училище Лазар Станев","83","67.43"
"Плевен","1500201","Основно училище Валери Петров","87.83","72.68"
"Плевен","1500132","Средно училище Анастасия Димитрова","66.25","54.38"
"Плевен","1500133","Средно училище Стоян Заимов","80.7","65"
"Плевен","1500134","Средно училище Иван Вазов ","86.65","71.18"
"Плевен","1500135","Средно училище Пейо Крачолов Яворов","75.47","55.21"
"Плевен","1500136","Средно училище Христо Смирненски","39.47","46.43"
"Разград","1702611","Основно училище Никола Йонков Вапцаров","75.38","60.1"
"Разград","1702613","Основно училище Васил Левски","84.69","80.2"
"Разград","1702614","Основно училище Никола Икономов","82.38","67.97"
"Разград","1702615","Основно училище Иван Сергеевич Тургенев","79.51","63.95"
"Разград","1702616","Основно училищеОтец Паисий","71.78","57.63"
"Разград","1702612","Средно училище Христо Ботев","68.65","54.05"
"Русе","2902105","НАЦИОНАЛНО УЧИЛИЩЕ ПО ИЗКУСТВАТА ПРОФ.ВЕСЕЛИН СТОЯНОВ","82.06","64.21"
"Русе","1806101","Основно училище Отец Паисий","87.58","72.81"
"Русе","1806102","Основно училище Любен Каравелов","89.69","84.94"
"Русе","1806103","Основно училище Ангел Кънчев","74.95","62.05"
"Русе","1806104","Основно училище Братя Миладинови","64.51","45.05"
"Русе","1806106","Основно училище Иван Вазов","86.87","75.94"
"Русе","1806108","Основно училище Алеко Константинов","58.87","65.8"
"Русе","1806109","Основно училище Тома Кърджиев","74.76","59.11"
"Русе","1806110","Основно училище Никола Обретенов","71.51","53.07"
"Русе","1806111","Основно училище Васил Априлов","75.64","54.05"
"Русе","1806112","Основно училище Христо Смирненски","53.38","36.13"
"Русе","1806205","Основно училище Олимпи Панов","76.3","60.92"
"Русе","1806203","Средно училище за европейски езици Свети Константин-Кирил Философ","89.16","71.13"
"Русе","1806204","Средно училище с преподаване на немски език Фридрих Шилер","87.09","72.97"
"Русе","1806206","Средно училище Йордан Йовков","73.09","60.64"
"Русе","1806207","Средно училище Христо Ботев","88.92","75.88"
"Русе","1806208","Средно училище Възраждане","82.12","69.19"
"Русе","1806209","Средно училище Васил Левски","82.74","66.89"
"Русе","1806216","Частно Начално Училище Вяра Надежда Любов ООД","89.33","80.83"
"Русе","1806213","Първо частно средно училище Леонардо да Винчи ООД","91.64","85.5"
"Силистра","1900511","Основно училище Отец Паисий","82.27","71.92"
"Силистра","1900512","Основно училище Св. Св. Кирил и Методий","80.74","67.3"
"Силистра","1900514","Основно училище Иван Вазов","86.31","72.41"
"Силистра","1900502","Средно училище Никола Йонков Вапцаров","81.91","65.24"
"Сливен","2000125","Средно училище Аргира Жечкова","0","0"
"Сливен","2000102","Начално училище Васил Левски","87.96","75.01"
"Сливен","2000106","Основно училище Христо Ботев","79.01","66.09"
"Сливен","2000107","Основно училище Д-р Иван Селимински","87.21","75.18"
"Сливен","2000108","Основно училище Димитър Петров","87.26","71.24"
"Сливен","2000110","Основно училище Братя Миладинови","20.82","22.21"
"Сливен","2000111","Основно училище Панайот Хитов","62","49.95"
"Сливен","2000112","Основно училище Юрий Гагарин","14.73","24.19"
"Сливен","2000113","Основно училище Свети свети Кирил и Методий","82.88","70.46"
"Сливен","2000116","Основно училище Елисавета Багряна","82.63","67.46"
"Сливен","2000105","Средно училище Хаджи Мина Пашов","51.26","41.26"
"Сливен","2000109","Средно училище Пейо Крачолов Яворов ","78.44","63.28"
"Сливен","2000114","Средно училище Йордан Йовков","78.25","58.5"
"Сливен","2000115","Средно училище Константин Константинов","84.04","69.62"
"Смолян","2100104","ОСНОВНО УЧИЛИЩЕ Юрий Гагарин","77.25","71.25"
"Смолян","2100107","Основно училище Професор доктор Асен Златаров","83.7","68.38"
"Смолян","2100109","Основно училище Стою Шишков","84.52","71.19"
"Смолян","2100110","ОСНОВНО УЧИЛИЩЕ ИВАН ВАЗОВ","89.71","80.32"
"Смолян","2100103","Средно училище Св. Св. Кирил и Методий","75.05","63.87"
"Смолян","2100105","Средно училище Отец Паисий","87.87","77.55"
"Стара Загора","2902104","Национално училище за музикални и сценични изкустваХристина Морфова","81.72","67.24"
"Стара Загора","2400124","Начално училише Кольо Ганчев","68.88","55.46"
"Стара Загора","2400146","Начално училище Димитър Благоев","90.17","92.83"
"Стара Загора","2400147","Начално училище Зора","66.13","72.25"
"Стара Загора","2400109","Основно училище Георги Райчев","68.67","54.83"
"Стара Загора","2400122","Първо основно училище Георги Бакалов","31.92","21.75"
"Стара Загора","2400123","Основно училище П.Р.Славейков","89.27","77.87"
"Стара Загора","2400125","Основно училище КИРИЛ ХРИСТОВ ","85.9","71.51"
"Стара Загора","2400126","Пето основно училище Митьо Станев ","85.12","71.67"
"Стара Загора","2400129","Основно училище Самара","67.81","51.06"
"Стара Загора","2400130","IX ОУ Веселин Ханчев","79.52","64.3"
"Стара Загора","2400132","Единадесето основно училище Николай Лилиев","86.75","75.06"
"Стара Загора","2400133","Дванадесето основно училище Стефан Караджа","18.36","19.04"
"Стара Загора","2400134","Тринадесето основно училище Свети Паисий Хилендарски","80.58","61.61"
"Стара Загора","2403219","ШЕСТО ОСНОВНО УЧИЛИЩЕ СВЕТИ НИКОЛА","89.26","75.43"
"Стара Загора","2400014","СРЕДНО УЧИЛИЩЕ ЖЕЛЕЗНИК","82.68","64.35"
"Стара Загора","2400104","СРЕДНО УЧИЛИЩЕ ВАСИЛ ЛЕВСКИ","85.31","68.91"
"Стара Загора","2400105","Средно училище Христо Смирненски","35.82","37.26"
"Стара Загора","2400106","Средно училище Максим Горки","90.27","76.41"
"Стара Загора","2400107","Средно училище Иван Вазов","84.54","65.55"
"Стара Загора","2400174","Средно училище Христо Ботев","57.5","39.83"
"Стара Загора","2400167","Частно основно училище Елин Пелин","78","76.36"
"Търговище","2500703","Специално училище за ученици с увреден слух Свети Иван Рилски","0","0"
"Търговище","2500101","Първо основно училище Христо Ботев","77.98","61.74"
"Търговище","2500102","Второ основно училище Никола Йонков Вапцаров","28.5","42"
"Търговище","2500103","Трето основно училище Петко Рачов Славейков","46.94","35.19"
"Търговище","2500104","Четвърто основно училище Иван Вазов","75.19","65.7"
"Търговище","2500204","Първо средно училище Свети Седмочисленици","84.27","73.48"
"Търговище","2501694","Второ средно училище Професор Никола Маринов","83.74","64.17"
"Хасково","2601001","Начално училище Георги Сава Раковски","41.95","45.86"
"Хасково","2601004","Основно училище Любен Каравелов","80.06","60.15"
"Хасково","2601005","Основно училище Св. Св. Кирил и Методий ","72.14","61.57"
"Хасково","2601006","Основно училище Шандор Петьофи","78.11","60.33"
"Хасково","2601008","Основно училище Св. Климент Охридски","83.67","71.29"
"Хасково","2601009","Основно училище Никола Йонков Вапцаров","47.12","45.3"
"Хасково","2601010","Основно училище Свети Иван Рилски","81.85","71.3"
"Хасково","2601011","Основно училище Христо Смирненски","79.54","67.09"
"Хасково","2601025","Средно училище Васил Левски","78.62","63.79"
"Хасково","2601026","Средно училище Св.Паисий Хилендарски","79.38","62.1"
"Шумен","2700082","Начално училище Илия Р. Блъсков","84.85","72.04"
"Шумен","2700153","Начално училище Княз Борис I","78.88","63.57"
"Шумен","2700104","Девето основно училище Панайот Волов","59.87","44"
"Шумен","2700114","Второ основно училище Д-р Петър Берон","88.32","76.13"
"Шумен","2700146","Трето основно училище Димитър Благоев","80.09","65.18"
"Шумен","2700269","Шесто основно училище Еньо Марковски","24.46","38.08"
"Шумен","2700076","Средно училище Панайот Волов","83.03","65.97"
"Шумен","2700147","Средно училище Трайко Симеонов","39.77","53.5"
"Шумен","2700182","Средно училище Йоан Екзарх Български","84.14","66.83"
"Шумен","2700197","Средно училище Сава Доброплодни","86.66","70.05"
"Шумен","2700231","Средно училище Васил Левски","77.34","62.47"
"Ямбол","2811501","Начално училище Професор Петър Нойков","78.2","68.32"
"Ямбол","2811504","Начално училище Свети Свети Кирил и Методий","87.72","78.18"
"Ямбол","2811514","Обединено училище Доктор Петър Берон","41.51","59.56"
"Ямбол","2811506","Основно училище Йордан Йовков","47.61","50.73"
"Ямбол","2811507","Основно училище Николай Петрини","85.03","70.43"
"Ямбол","2811509","Основно училище Любен Каравелов","84.04","70.23"
"Ямбол","2811512","Основно училище Петко Рачов Славейков","84.3","65.97"
"Ямбол","2811513","Основно училище Христо Смирненски","36.3","38.5"
"Ямбол","2811510","Средно училище Св. Климент Охридски","72.12","53.84"
