"Град","Код","Име","БЕЛ","МАТ","Уч. БЕЛ","Уч. МАТ"
"София","2201400","Професионална гимназия по туризъм Алеко Константинов","3.771","4.083","137","115"
"София","2201078","78. Средно училище Христо Смирненски","3.809","4.008","35","36"
"София","2210117","117. Средно училище Свети свети Кирил и Методий","3.897","4.155","9","10"
"София","2215170","170 Средно училище Васил Левски","3.814","3.877","35","35"
"София","2211557","Духовно Училище Софийска духовна семинария Св. Иван Рилски","3.773","3.768","11","11"
"София","2203603","Специално училище за ученици с нарушено зрение ЛУИ БРАЙЛ","4.647","4.412","4","4"
"София","2202612","Специално училище за ученици с увреден слух Проф. д-р Дечо Денев","3.048","2.64","10","1"
"София","2902101","Национално музикално училище Любомир Пипков","4.621","4.993","71","22"
"София","2902301","Национално училище за танцово изкуство","4.154","3.396","59","3"
"София","2902401","Национално училище за изящни изкуства Илия Петров","4.491","5.93","51","1"
"София","2902501","НАЦИОНАЛНА ГИМНАЗИЯ ЗА ПРИЛОЖНИ ИЗКУСТВА СВЕТИ ЛУКА - СОФИЯ","4.457","3.732","90","5"
"София","2902601","Национална професионална гимназия по полиграфия и фотография","4.771","0","126","0"
"София","2902701","Национален учебен комплекс по култура с лицей за изучаване на италиански език и култура с участието на Република Италия","5.062","5.562","54","54"
"София","2902702","Национална гимназия за древни езици и култури Константин Кирил Философ","5.426","5.454","94","94"
"София","2202401","Професионална гимназия по екология и биотехнологии Проф. д-р Асен Златаров","4.262","4.418","64","63"
"София","2204402","НАЦИОНАЛНА ПРОФЕСИОНАЛНА ГИМНАЗИЯ ПО ПРЕЦИЗНА ТЕХНИКА И ОПТИКА М. В. Ломоносов","4.432","4.861","226","183"
"София","2204403","ПРОФЕСИОНАЛНА ГИМНАЗИЯ ПО ТЕКСТИЛНИ И КОЖЕНИ ИЗДЕЛИЯ","2.91","3.092","21","21"
"София","2204405","ПРОФЕСИОНАЛНА ГИМНАЗИЯ ПО ПОДЕМНА, СТРОИТЕЛНА И ТРАНСПОРТНА ТЕХНИКА","3.433","3.496","43","43"
"София","2205407","СОФИЙСКА ПРОФЕСИОНАЛНА ГИМНАЗИЯ по ЕЛЕКТРОНИКА Джон Атанасов","4.483","4.972","193","192"
"София","2205408","Професионална гимназия по фризьорство и козметика Княгиня Евдокия","3.772","3.952","48","13"
"София","2206409","Професионална гимназия по транспорт и енергетика Хенри Форд","3.948","4.107","143","102"
"София","2206410","ПРОФЕСИОНАЛНА ГИМНАЗИЯ ПО АУДИО-, ВИДЕО- И ТЕЛЕКОМУНИКАЦИЯ А. С. ПОПОВ","3.926","4.365","147","142"
"София","2207412","ПРОФЕСИОНАЛНА ГИМНАЗИЯ ПО ТРАНСПОРТ","3.525","3.721","26","28"
"София","2208413","Софийска гимназия по хлебни и сладкарски технологии","3.663","3.926","57","53"
"София","2211417","Професионална гимназия по облекло Княгиня Мария Луиза","4.077","4.455","40","19"
"София","2211419","СОФИЙСКА ГИМНАЗИЯ ПО СТРОИТЕЛСТВО, АРХИТЕКТУРА И ГЕОДЕЗИЯ ХРИСТО БОТЕВ","4.881","4.93","181","179"
"София","2211420","НАЦИОНАЛНА ФИНАНСОВО-СТОПАНСКА ГИМНАЗИЯ","5.108","5.351","176","159"
"София","2213350","Технологично училище Електронни системи към Технически Университет - София","4.916","5.604","96","97"
"София","2216422","Професионална гимназия по механоелектротехника Н.Й.Вапцаров","3.504","3.628","77","79"
"София","2216423","СОФИЙСКА ПРОФЕСИОНАЛНА ГИМНАЗИЯ ПО ТУРИЗЪМ","4.499","4.58","171","61"
"София","2217424","ПРОФЕСИОНАЛНА ГИМНАЗИЯ ПО ЕЛЕКТРОТЕХНИКА И АВТОМАТИКА","4.079","4.627","115","113"
"София","2220427","Професионална гимназия по железопътен транспорт Никола Корчев","3.298","3.087","28","21"
"София","2221430","ПРОФЕСИОНАЛНА ГИМНАЗИЯ ПО ТРАНСПОРТ МАКГАХАН","3.387","3.529","87","84"
"София","2223431","ПРОФЕСИОНАЛНА ГИМНАЗИЯ ПО ТЕЛЕКОМУНИКАЦИИ","4.151","4.921","126","123"
"София","2224432","Професионална гимназия по текстил и моден дизайн","4.233","4.415","56","10"
"София","2224433","НАЦИОНАЛНА ТЪРГОВСКО - БАНКОВА ГИМНАЗИЯ","5.026","5.258","255","168"
"София","2204311","Профилирана гимназия с интензивно изучаване на румънски език МИХАЙ ЕМИНЕСКУ","3.962","4.248","15","15"
"София","2211304","Национална природо-математическа гимназия Академик Любомир Чакалов","5.143","5.537","235","234"
"София","2213307","СПОРТНО УЧИЛИЩЕ ГЕН. ВЛАДИМИР СТОЙЧЕВ","3.859","4.091","87","74"
"София","2204134","134. средно училище Димчо Дебелянов","4.867","5.307","77","77"
"София","2217151","НАЦИОНАЛНО СРЕДНО УЧИЛИЩЕ СОФИЯ","4.037","4.24","49","51"
"София","2900001","Българско средно училище Христо Ботев","3.78","4.41","1","1"
"София","2900102","Българско средно училище Д-р Петър Берон","4.393","4.612","11","11"
"София","2206411","Професионална гимназия по хранително-вкусови технологии Проф. д-р Георги Павлов","3.624","3.9","44","40"
"София","2217426","ПРОФЕСИОНАЛНА ГИМНАЗИЯ ПО СЕЛСКО СТОПАНСТВО БУЗЕМА","3.106","2.76","3","3"
"София","2204091","91.НЕМСКА ЕЗИКОВА ГИМНАЗИЯ ,,Професор Константин Гълъбов","5.624","5.782","190","174"
"София","2206302","Втора английска езикова гимназия Томас Джеферсън","5.309","5.717","211","211"
"София","2209305","Профилирана гимназия с изучаване на чужди езици Свети Методий","4.304","4.835","87","86"
"София","2212303","33 ЕЗИКОВА ГИМНАЗИЯ СВЕТА СОФИЯ","4.413","4.693","102","105"
"София","2216164","164. гимназия с преподаване на испански език Мигел де Сервантес","5.605","5.538","138","138"
"София","2216301","Първа английска езикова гимназия","5.469","5.837","218","218"
"София","2216306","Софийска математическа гимназия Паисий Хилендарски","5.517","5.828","186","186"
"София","2220308","Профилирана гимназия за изобразителни изкуства Професор Николай Райнов","4.19","3.45","29","1"
"София","2221157","157 Гимназия с изучаване на чужд език Сесар Вайехо","5.133","4.998","107","108"
"София","2222009","9 Френска езикова гимназия Алфонс дьо Ламартин","5.324","5.409","202","202"
"София","2208057","57 Спортно училище Свети Наум Охридски","3.549","4.014","81","20"
"София","2214153","153 Спортно училище Неофит Рилски","3.478","0","25","0"
"София","2219166","166 Спортно училище Васил Левски","3.761","4.436","85","16"
"София","2202002","2 средно училище Академик Емилиян Станев ","4.561","4.911","99","99"
"София","2202026","26 Средно училище Йордан Йовков","4.015","4.25","16","15"
"София","2203074","74 СУ ГОЦЕ ДЕЛЧЕВ","4.097","4.086","30","29"
"София","2203140","140. СРЕДНО УЧИЛИЩЕ ИВАН БОГОРОВ","3.276","3.344","11","13"
"София","2204018","18 Средно училище Уилям Гладстон","5.201","5.414","218","218"
"София","2204030","30 СРЕДНО УЧИЛИЩЕ БРАТЯ МИЛАДИНОВИ","5.112","5.021","66","67"
"София","2204032","32. СРЕДНО УЧИЛИЩЕ С ИЗУЧАВАНЕ НА ЧУЖДИ ЕЗИЦИ СВЕТИ КЛИМЕНТ ОХРИДСКИ","5.254","5.653","158","158"
"София","2204310","5. Вечерно средно училище Пеньо Пенев","4.032","4.206","34","35"
"София","2205105","105. СРЕДНО УЧИЛИЩЕ АТАНАС ДАЛЧЕВ","4.42","4.65","44","44"
"София","2205119","119 Средно училище Академик Михаил Арнаудов","4.501","4.908","75","75"
"София","2206003","Трето средно училище Марин Дринов","3.412","3.785","12","12"
"София","2206113","113 СУ САВА ФИЛАРЕТОВ","3.37","3.301","14","11"
"София","2207068","68 Средно училище Академик Никола Обрешков","3.769","3.728","29","29"
"София","2207069","69 Средно училище Димитър Маринов","2.935","3.035","2","2"
"София","2207108","108 Средно училище Никола Беловеждов","4.178","4.537","20","20"
"София","2208017","17 СУ Дамян Груев с ранно чуждоезиково обучение","3.35","4.24","1","1"
"София","2208028","28 Средно училище Алеко Константинов","3.953","3.942","21","21"
"София","2208123","123 Средно училищe Стефан Стамболов","3.214","3.287","17","15"
"София","2208135","135 средно училище Ян Амос Коменски","3.906","3.973","18","18"
"София","2209019","19 СРЕДНО УЧИЛИЩЕ ЕЛИН ПЕЛИН","4.35","4.697","62","60"
"София","2209036","36 Средно училище Максим Горки","4.237","4.709","23","23"
"София","2209051","51 СРЕДНО УЧИЛИЩЕ ЕЛИСАВЕТА БАГРЯНА","4.452","4.822","81","81"
"София","2209132","132. Средно училище Ваня Войнова","3.906","4.012","83","78"
"София","2210085","85 Средно училище Отец Паисий","3.593","3.798","20","19"
"София","2211021","21 СРЕДНО УЧИЛИЩЕ ХРИСТО БОТЕВ","4.387","5.167","43","44"
"София","2211035","35. СРЕДНО УЧИЛИЩЕ ДОБРИ ВОЙНИКОВ","5.276","5.125","130","130"
"София","2212037","37. СРЕДНО УЧИЛИЩЕ РАЙНА КНЯГИНЯ","3.613","3.612","19","18"
"София","2212040","40 Средно училище Луи Пастьор","3.636","3.795","18","18"
"София","2212056","56. Средно училище Професор Константин Иречек","4.19","4.323","38","37"
"София","2212079","79 средно училище Индира Ганди","4.204","4.213","28","28"
"София","2212090","90 Средно училище Генерал Хосе де Сан Мартин","4.173","4.127","32","32"
"София","2212096","96. Средно училище Лев Николаевич Толстой","4.58","4.513","22","23"
"София","2212097","97 Средно училище Братя Миладинови","3.957","3.924","55","57"
"София","2212137","137 средно училище Ангел Кънчев","4.391","4.918","80","81"
"София","2213010","10 Средно училище Теодор Траянов ","3.933","3.946","22","22"
"София","2213039","39 Средно училище Петър Динеков","3.915","4.554","34","34"
"София","2213081","81. Средно училище Виктор Юго","4.286","4.848","17","17"
"София","2213118","118 Средно училище Академик Людмил Стоянов","4.109","4.494","24","24"
"София","2213125","125 СУ с изучаване на чужди езици Боян Пенев","4.011","4.487","24","24"
"София","2213128","128 СРЕДНО УЧИЛИЩЕ АЛБЕРТ АЙНЩАЙН","4.309","4.584","23","23"
"София","2213131","131 СУ Климент Аркадиевич Тимирязев","3.942","3.94","14","12"
"София","2213144","144 Средно училище Народни будители","4.127","4.077","59","63"
"София","2214015","15 Средно училище Адам Мицкевич","3.923","4.035","21","21"
"София","2214054","54 СРЕДНО УЧИЛИЩЕ Свети ИВАН РИЛСКИ","4.424","4.897","44","44"
"София","2214101","101. СРЕДНО УЧИЛИЩЕ БАЧО КИРО","3.815","3.948","49","46"
"София","2216001","1 Средно училище Пенчо П. Славейков","4.483","4.805","124","124"
"София","2216309","IV Сменно-вечерна гимназия Отец Паисий ","3.763","3.946","90","89"
"София","2217066","66 Средно училище Филип Станиславов","3.471","3.453","9","10"
"София","2217088","88 Средно училище Димитър Попниколов","4.157","4.659","39","40"
"София","2217149","149 Средно училище ,,Иван Хаджийски","3.731","4.14","15","12"
"София","2219024","24 Средно училище П.К.Яворов","3.144","3.307","17","17"
"София","2219044","44. Средно училище Неофит Бозвели","4.405","4.405","26","26"
"София","2219095","95 СУ Проф. Иван Шишманов","3.931","4.098","32","32"
"София","2219130","130. средно училище Стефан Караджа","3.767","3.88","17","17"
"София","2220014","14. средно училище Проф. д-р Асен Златаров","4.09","4.136","19","19"
"София","2220029","29. Средно училище Кузман Шапкарев","3.7","3.6","38","38"
"София","2221023","23 Средно училище Фредерик Жолио-Кюри","4.137","4.565","87","87"
"София","2221031","31 Средно училище за чужди езици и мениджмънт Иван Вазов","5.25","5.539","150","150"
"София","2221093","93-то Средно училище Александър Теодоров - Балан","3.848","3.797","34","36"
"София","2221094","94 СРЕДНО УЧИЛИЩЕ Димитър Страшимиров","3.25","3.057","22","16"
"София","2221138","138 СРЕДНО УЧИЛИЩЕ ПРОФ. ВАСИЛ ЗЛАТАРСКИ","4.575","4.949","99","97"
"София","2222007","7. СРЕДНО УЧИЛИЩЕ СВ. СЕДМОЧИСЛЕНИЦИ","4.727","5.432","125","100"
"София","2222012","12 Средно училище Цар Иван Асен II","4.519","4.974","67","67"
"София","2222127","127 СРЕДНО УЧИЛИЩЕ Иван Николаевич Денкоглу","4.818","5.228","141","143"
"София","2222133","133 Средно училище „А. С. Пушкин”","5.296","5.449","100","100"
"София","2224022","22 Средно училище Георги Стойков Раковски","5.109","5.425","169","170"
"София","2224047","47 СУ Христо Г. Данов","3.879","4.068","27","28"
"София","2224073","73.СУ с преподаване на чужди езици Владислав Граматик","5.585","5.623","126","126"
"София","2224121","121 СРЕДНО УЧИЛИЩЕ ГЕОРГИ ИЗМИРЛИЕВ","3.514","3.856","24","23"
"София","2208539","Частна професионална гимназия по икономика, туризъм и информатика,,Булпрогрес","4.09","4.061","8","8"
"София","2211517","ЧАСТНА ПРОФЕСИОНАЛНА ГИМНАЗИЯ БАНКЕР","4.867","0","11","0"
"София","2211571","Частна професионална гимназия по охрана и сигурност Св.Георги Победоносец","2.4","0","1","0"
"София","2224545","ЧАСТНА ПРОФЕСИОНАЛНА ГИМНАЗИЯ ПО БАНКОВО ДЕЛО, ТЪРГОВИЯ И ФИНАНСИ","4.187","5.018","11","11"
"София","2204511","Частна профилирана гимназия с чуждоезиково обучение Езиков свят","4.284","5.317","9","9"
"София","2205520","Частна езикова гимназия Проф.Иван Апостолов","4.902","5.838","31","31"
"София","2212540","ЧАСТНА НЕМСКА ГИМНАЗИЯ ЕРИХ КЕСТНЕР","5.249","5.507","18","18"
"София","2213503","Частна профилирана гимназия с чуждоезиково обучение „Меридиан 22","5.167","5.6","14","14"
"София","2213507","АМЕРИКАНСКИ КОЛЕЖ В СОФИЯ","5.546","5.934","141","141"
"София","2216533","Първа частна английска гимназия Уилям Шекспир-Интелект Инвест","4.523","5.465","26","26"
"София","2221590","Частна профилирана гимназия Образователни технологии","4.561","5.383","30","30"
"София","2223547","ЧАСТНА ЕЗИКОВА ГИМНАЗИЯ ПРОФ.Д-Р В.ЗЛАТАРСКИ","5.003","5.82","45","45"
"София","2202534","Частно профилирано средно училище Свети Наум","4.636","5.46","3","3"
"София","2202535","ЧСУ Рьорих с ранно чуждоезиково обучение и разширено изучаване на музика и изобразително изкуство","4.14","4.86","9","9"
"София","2202536","Частно средно езиково училище Дрита","4.431","5.038","16","16"
"София","2203720","Частно средно училище Дружба - София","4.659","5.383","46","46"
"София","2204549","Частно средно училище с немски език Веда","5.045","5.637","11","11"
"София","2208526","Частно средно училище Орфей","3.965","4.672","4","5"
"София","2209529","Частно езиково средно училище Дорис Тенеди","5.341","5.726","36","36"
"София","2216532","Частно средно училище УВЕКИНД ","4.826","5.65","20","20"
"София","2218192","192 СРЕДНО УЧИЛИЩЕ ХРИСТО БОТЕВ","3.894","4.283","18","18"
"София","2218071","71 Средно училище Пейо Яворов","3.785","3.826","22","22"
"Пловдив","1690187","ДУ-Пловдивска духовна семинария Св. Св. Кирил и Методий-Пловдив","4.09","3.952","11","11"
"Пловдив","1690271","Специално училище за ученици с увреден слух Проф. Д-р Ст. Белинов","3.15","0","4","0"
"Пловдив","2902102","Национално училище за музикално и танцово изкуство Добрин Петков","4.772","4.915","38","11"
"Пловдив","2902302","Национална гимназия за сценични и екранни изкуства","4.227","0","42","0"
"Пловдив","2902402","Национална художествена гимназия Цанко Лавренов","4.671","0","47","0"
"Пловдив","1690174","Професионална гимназия по електротехника и електроника","4.415","4.67","187","160"
"Пловдив","1690175","Национална търговска гимназия - Пловдив","5.418","5.401","202","88"
"Пловдив","1690176","Професионална гимназия по облекло Ана Май","3.675","3.31","68","2"
"Пловдив","1690178","Професионална гимназия по туризъм Проф. д-р Асен Златаров","4.29","4.242","183","167"
"Пловдив","1690179","Професионална гимназия по битова техника","3.849","4.235","91","89"
"Пловдив","1690272","Професионална гимназия по архитектура, строителство и геодезия Арх.Камен Петков","4.486","4.399","201","161"
"Пловдив","1690273","Професионална гимназия по транспорт Гоце Делчев","3.493","3.446","106","28"
"Пловдив","1690274","Професионална гимназия по строителни технологии Пеньо Пенев","3.114","2.997","29","29"
"Пловдив","1690473","Професионална гимназия по кожени изделия и текстил Д-р Иван Богоров","2.946","3.193","13","13"
"Пловдив","1690572","Професионална гимназия по механотехника Професор Цветан Лазаров","3.765","4.035","106","107"
"Пловдив","1690573","Професионална гимназия по машиностроене","3.026","2.752","33","4"
"Пловдив","1690347","Спортно училище Васил Левски","3.907","4.341","92","26"
"Пловдив","1690177","Професионална гимназия по вътрешна архитектура и дървообработване Христо Ботев","3.601","3.412","45","14"
"Пловдив","1690472","Професионална гимназия по хранителни технологии и техника","4.007","4.105","139","68"
"Пловдив","1690153","Хуманитарна гимназия Св. Св. Кирил и Методий","5.128","5.183","198","198"
"Пловдив","1690346","Математическа гимназия Академик Кирил Попов","5.274","5.337","214","209"
"Пловдив","1690449","Езикова гимназия Пловдив","5.6","5.846","288","288"
"Пловдив","1690450","Езикова гимназия Иван Вазов","5.512","5.382","221","222"
"Пловдив","1690451","Френска езикова гимназия Антоан дьо Сент - Екзюпери","5.089","5.113","208","208"
"Пловдив","1690150","Средно училище Любен Каравелов","3.892","3.728","23","24"
"Пловдив","1690154","Средно училище СВ. ПАИСИЙ ХИЛЕНДАРСКИ ","4.389","4.709","94","94"
"Пловдив","1690155","Средно училище Свети Климент Охридски","4.15","4.702","51","51"
"Пловдив","1690156","Средно училище Свети Патриарх Евтимий","4.839","4.902","114","115"
"Пловдив","1690157","Средно училище Цар Симеон Велики","4.507","4.872","27","27"
"Пловдив","1690247","Средно училище Найден Геров","3.13","3.398","16","15"
"Пловдив","1690345","Средно училище Свети свети Кирил и Методий","4.137","4.099","58","58"
"Пловдив","1690446","Средно училище Никола Вапцаров","3.502","3.686","5","6"
"Пловдив","1690447","Средно училище Пейо Крачолов Яворов","4.048","4.192","68","66"
"Пловдив","1690448","Средно училище Христо Груев Данов","4.117","3.91","16","16"
"Пловдив","1690542","Средно училище Братя Миладинови","3.342","3.589","28","30"
"Пловдив","1690549","Средно училище Константин Величков ","4.246","3.691","16","16"
"Пловдив","1690550","Средно училище Свети Константин - Кирил Философ","4.372","4.247","20","20"
"Пловдив","1690642","Средно училище „Димитър Матевски","3.704","3.79","16","15"
"Пловдив","1690643","Средно училище Свети Седмочисленици","3.719","3.814","23","24"
"Пловдив","1690644","Средно училище Свети Софроний Врачански","4.01","3.9","1","1"
"Пловдив","1690645","Средно училище Черноризец Храбър","4.525","4.363","42","43"
"Пловдив","1690910","Частна професионална гимназия по икономика и управление","4.018","4.753","9","3"
"Пловдив","1690904","Частна профилирана гимназия Класик","4.438","4.993","17","16"
"Пловдив","1690909","Частна езикова гимназия Стоян Сариев","4.89","5.192","16","16"
"Пловдив","1690901","ЧАСТНО СРЕДНО УЧИЛИЩЕ ДРУЖБА","4.171","4.585","9","9"
"Пловдив","1690906","ЧАСТНА ПРОФИЛИРАНА ГИМНАЗИЯ ЕДМЪНД БЪРК","4.31","4.605","4","4"
"Варна","400054","Специално училище за ученици с нарушено зрение Проф. д-р Иван Шишманов","4.176","4.16","9","9"
"Варна","2902106","НАЦИОНАЛНО УЧИЛИЩЕ ПО ИЗКУСТВАТА ДОБРИ ХРИСТОВ","4.44","4.832","68","17"
"Варна","400055","Професионална техническа гимназия","3.844","4.099","149","67"
"Варна","400058","Професионална гимназия по химични и хранително-вкусови технологии Дм.Ив.Менделеев","3.7","3.856","49","49"
"Варна","400063","Професионална гимназия по строителство, архитектура и геодезия Васил Левски","3.948","3.719","73","70"
"Варна","402030","Варненска търговска гимназия Георги Стойков Раковски","4.792","4.848","162","83"
"Варна","402161","Професионална гимназия по текстил и моден дизайн","3.681","3.695","67","19"
"Варна","402183","Варненска морска гимназия Свети Николай Чудотворец","3.777","3.968","85","57"
"Варна","403531","Професионална гимназия по електротехника","4.014","3.99","118","84"
"Варна","403534","Професионална гимназия по туризъм Професор д-р Асен Златаров","4.414","4.832","157","50"
"Варна","400033","Спортно училище Георги Бенковски","3.718","4.413","82","21"
"Варна","400044","Професионална гимназия по икономика Д-р Иван Богоров","4.374","4.385","160","130"
"Варна","402172","Професионална гимназия по горско стопанство и дървообработване Николай Хайтов","3.503","3.559","85","30"
"Варна","400041","Трета природоматематическа гимназия Академик Методий Попов","4.831","5.119","140","140"
"Варна","400042","ІV Езикова гимназия Фредерик Жолио - Кюри","5.303","5.353","194","194"
"Варна","400043","Гимназия с преподаване на чужди езици Йоан Екзарх","5.457","5.51","180","180"
"Варна","400045","Първа езикова гимназия","5.499","5.848","239","238"
"Варна","400046","Математическа гимназия Д-р Петър Берон","5.29","5.533","222","221"
"Варна","400030","Седмо средно училище Найден Геров","4.12","4.342","72","72"
"Варна","400031","Средно училище с езиково обучение Ал. С. Пушкин","4.76","4.96","122","120"
"Варна","400034","Средно училище Гео Милев","4.156","4.603","41","42"
"Варна","400036","Средно училище Елин Пелин","3.708","3.921","11","11"
"Варна","400037","Средно училище Любен Каравелов","3.744","3.681","35","34"
"Варна","400039","Средно училище Пейо Крачолов Яворов","3.799","3.95","18","16"
"Варна","400040","Средно училище Свети Климент Охридски","4.592","4.887","43","45"
"Варна","400047","Средно училище за хуманитарни науки и изкуства Константин Преславски","4.634","4.723","224","225"
"Варна","403537","Средно училище Димчо Дебелянов","4.041","4.105","39","40"
"Варна","403538","Средно училище Неофит Бозвели","3.494","3.638","64","65"
"Варна","400070","Частна Търговска Гимназия Конто Трейд ЕООД","4.08","4.254","5","5"
"Варна","400074","Частна профилирана гимназия по софтуерни и хардуерни науки Антоан дьо Сент-Екзюпери","4.856","5.469","13","13"
"Варна","400076","Частна езикова гимназия с изучаване на чужди езици Джордж Байрон","4.46","4.915","26","26"
"Бургас","2902103","Национално училище за музикално и сценично изкуство Проф. Панчо Владигеров","4.747","4.978","28","5"
"Бургас","200243","Професионална гимназия по морско корабоплаване и риболов Свети Никола","3.662","3.928","15","15"
"Бургас","200247","Професионална гимназия по химични технологии Акад. Н. Д. Зелинский","3.902","4.07","145","107"
"Бургас","200250","Професионална техническа гимназия","3.46","2.99","9","4"
"Бургас","200240","Спортно училище Юрий Гагарин","3.456","2.911","50","6"
"Бургас","200242","Професионална гимназия по туризъм Проф.д-р Асен Златаров","4.114","3.94","201","199"
"Бургас","200244","Професионална гимназия по механоелектротехника и електроника","4.247","4.234","180","175"
"Бургас","200245","Професионална гимназия по строителство, архитектура и геодезия Кольо Фичето","4.295","4.432","158","147"
"Бургас","200246","Професионална търговска гимназия","4.99","5.112","149","135"
"Бургас","200248","Професионална гимназия по електротехника и електроника Константин Фотинов","3.843","4.195","128","130"
"Бургас","200249","Професионална гимназия по транспорт","3.258","3.437","74","68"
"Бургас","200251","Професионална гимназия по дървообработване Георги Кондолов","3.125","3.367","17","18"
"Бургас","200252","Професионална гимназия по сградостроителство и инсталации Пеньо Пенев","3.04","3.037","14","10"
"Бургас","200235","Профилирана гимназия за романски езици Георги Стойков Раковски","5.022","5.095","176","176"
"Бургас","200236","Английска езикова гимназия Гео Милев","5.224","5.775","167","167"
"Бургас","200237","Немска езикова гимназия Гьоте","5.449","5.646","161","161"
"Бургас","200238","Профилирана гимназия за чужди езици Васил Левски","4.712","5.111","158","159"
"Бургас","200239","Профилирана природоматематическа гимназия Академик Никола Обрешков","5.489","5.766","157","157"
"Бургас","200221","Средно училище Христо Ботев","2.961","2.854","6","5"
"Бургас","200227","Средно училище Иван Вазов","3.486","3.557","28","27"
"Бургас","200228","Средно училище Йордан Йовков","3.186","3.448","6","6"
"Бургас","200229","Средно училище Епископ Константин Преславски","3.885","4.115","47","47"
"Бургас","200230","Средно училище Димчо Дебелянов","3.766","4.103","19","19"
"Бургас","200231","Средно училище ,,Добри Чинтулов","3.517","3.699","26","26"
"Бургас","200232","Средно училище Константин Петканов","3.367","3.545","10","10"
"Бургас","200233","Средно училище Петко Росен","3.32","3.065","19","4"
"Бургас","200234","Средно училище Св. Св. Кирил и Методий","4.192","4.668","87","87"
"Бургас","200255","Вечерно средно училище Захари Стоянов","3.575","3.524","37","39"
"Бургас","200258","Частна профилирана гимназия с изучаване на английски език Британика 1998","4.309","4.895","12","12"
"Благоевград","100280","Професионална гимназия по икономика Иван Илиев","4.62","4.59","144","23"
"Благоевград","100300","Професионална гимназия по строителство, архитектура и геодезия Васил Левски","4.137","3.943","63","38"
"Благоевград","100052","Благоевградска професионална гимназия","3.353","3.61","53","37"
"Благоевград","101730","Професионална гимназия по туризъм и лека промишленост Гоце Делчев","3.464","3.21","27","2"
"Благоевград","100190","Езикова гимназия Акад. Людмил Стоянов","5.259","5.433","150","149"
"Благоевград","100200","Природо-математическа гимназия Акад. Сергей Корольов","5.225","5.559","151","151"
"Благоевград","101870","Национална хуманитарна гимназияСв.св.Кирил и Методий","4.521","4.43","91","93"
"Благоевград","101250","Средно училище с изучаване на чужди езици Свети Климент Охридски","4.208","4.439","52","52"
"Благоевград","102060","Пето средно училище Георги Измирлиев","3.563","3.914","24","25"
"Благоевград","109174","Частно средно училище Димитър и Йоан","3.406","3.363","6","9"
"Велико Търново","3400","РУО ВЕЛИКО ТЪРНОВО","4.43","3.41","1","1"
"Велико Търново","300128","Професионална гимназия по строителство, архитектура и геодезия Ангел Попов","4.059","3.979","84","63"
"Велико Търново","300129","Старопрестолна професионална гимназия по икономика","4.51","4.437","75","23"
"Велико Търново","300130","Професионална гимназия по електроника Александър Степанович Попов","3.597","3.858","41","39"
"Велико Търново","300131","Професионална гимназия по моден дизайн","3.491","0","17","0"
"Велико Търново","300132","Професионална гимназия по туризъм Д-р Васил Берон","3.982","3.939","75","60"
"Велико Търново","300122","Природо-математическа гимназия Васил Друмев","5.208","5.431","147","146"
"Велико Търново","300123","Профилирана езикова гимназия Проф. д-р Асен Златаров","5.131","5.358","145","145"
"Велико Търново","300143","Спортно училище - гр. Велико Търново","3.888","3.777","38","8"
"Велико Търново","300124","Средно училище Емилиян Станев","4.563","4.918","78","78"
"Велико Търново","300125","Средно училище Вела Благоева","3.653","3.505","17","18"
"Велико Търново","300126","Средно училище Владимир Комаров","3.563","3.569","16","18"
"Велико Търново","300127","Средно училище Георги Стойков Раковски","3.224","3.466","5","5"
"Велико Търново","300141","Частна профилирана гимназия АК - Аркус ЕООД","4.985","5.541","37","37"
"Видин","500108","Професионална техническа гимназия Васил Левски","3.241","3.54","9","3"
"Видин","500110","Професионална гимназия по туризъм Михалаки Георгиев","3.512","3.585","69","38"
"Видин","502035","Професионална гимназия Проф. д-р Асен Златаров","4.118","4.154","119","90"
"Видин","500102","Профилирана природо–математическа гимназия Екзарх Антим I","4.625","4.764","82","82"
"Видин","503322","Гимназия с преподаване на чужди езици Йордан Радичков","5.115","5.396","95","95"
"Видин","503132","Средно училище Цар Симеон Велики","4.772","4.905","71","70"
"Видин","503241","Средно училище Свети свети Кирил и Методий","3.748","3.818","13","13"
"Видин","503242","Средно училище Петко Рачов Славейков","4.388","4.475","20","20"
"Враца","603065","Професионална техническа гимназия Н. Й. Вапцаров","3.561","3.753","57","58"
"Враца","603067","Професионална гимназия по търговия и ресторантьорство","3.611","3.637","77","10"
"Враца","603071","Професионална гимназия Димитраки Хаджитошин","3.26","2.786","17","8"
"Враца","600061","Профилирана езикова гимназия Йоан Екзарх","4.952","5.161","84","84"
"Враца","602062","Профилирана природо-математическа гимназия Академик Иван Ценов","5.141","5.303","173","173"
"Враца","608060","Спортно училище Св.Климент Охридски","3.691","3.805","32","34"
"Враца","600327","Средно училище Козма Тричков","4.253","4.241","53","53"
"Враца","603057","Средно училище Отец Паисий","4.077","4.169","47","49"
"Враца","603058","Средно училище Христо Ботев","4.768","5.06","96","96"
"Враца","603059","Средно училище Васил Кънчов","4.048","3.949","49","47"
"Враца","603070","Средно училище Никола Войводов","4.292","4.123","29","28"
"Габрово","700118","ПРОФЕСИОНАЛНА ТЕХНИЧЕСКА ГИМНАЗИЯ Д-р Никола Василиади","4.002","4.304","108","100"
"Габрово","700120","Професионална гимназия по туризъм Пенчо Семов","3.99","3.894","79","54"
"Габрово","700115","НАЦИОНАЛНА АПРИЛОВСКА ГИМНАЗИЯ","5.12","5.437","114","114"
"Габрово","700116","Природоматематическа гимназия Академик Иван Гюзелев","4.782","5.2","93","92"
"Габрово","700113","Средно училище Отец Паисий","3.731","3.815","37","22"
"Габрово","700114","Средно училище Райчо Каролев","3.871","3.894","24","24"
"Добрич","800021","Професионална гимназия по техника и строителство Михаил Василиевич Ломоносов","3.558","6","19","1"
"Добрич","800023","Финансово-стопанска гимназия Васил Левски","4.356","4.711","111","104"
"Добрич","800028","Професионална гимназия по туризъм П. К. Яворов","3.86","3.39","85","1"
"Добрич","800328","Професионална гимназия по транспорт, обслужване и лека промишленост","3.314","3.2","22","1"
"Добрич","800022","Професионална гимназия по ветеринарна медицина Проф. д-р Георги Павлов","3.873","3.998","21","21"
"Добрич","800026","Професионална гимназия по аграрно стопанство","3.27","3.544","26","7"
"Добрич","800019","Природоматематическа гимназия Иван Вазов","4.526","4.928","74","75"
"Добрич","800020","Езикова гимназия Гео Милев","5.119","5.399","147","147"
"Добрич","800012","Спортно училище ,,Георги Стойков Раковски","3.11","3.21","21","19"
"Добрич","800013","Средно училище Димитър Талев","4.17","4.74","36","37"
"Добрич","800015","Средно училище Свети Климент Охридски","4.511","4.688","49","49"
"Добрич","800016","Средно училище Любен Каравелов","3.846","3.886","32","31"
"Добрич","800017","Средно училище Петко Рачов Славейков","4.116","4.771","14","14"
"Добрич","800018","Средно училище Свети свети Кирил и Методий","4.193","4.554","50","51"
"Добрич","800325","Сдружение Частна профилирана гимназия по туризъм и предприемачество Райко Цончев","5.079","5.514","14","14"
"Кърджали","909108","Професионална гимназия по икономика Алеко Константинов","3.531","3.533","131","70"
"Кърджали","909109","Професионална гимназия по туризъм Проф. д-р Асен Златаров","3.322","3.504","81","53"
"Кърджали","909110","Професионална гимназия Васил Левски","3.103","0","17","0"
"Кърджали","909111","Професионална гимназия по облекло и дизайн Евридика","2.885","2.685","17","2"
"Кърджали","909112","Професионална гимназия по електротехника и електроника Капитан Петко войвода","3.477","3.401","50","54"
"Кърджали","909114","Професионална гимназия по строителство Христо Смирненски","2.981","3.168","18","13"
"Кърджали","909113","Професионална гимназия по селско и горско стопанство","3.072","3.081","38","21"
"Кърджали","909107","Езикова гимназия Христо Ботев","5.057","5.275","179","179"
"Кърджали","909103","Средно училище Йордан Йовков","3.389","3.705","46","43"
"Кърджали","909105","Средно училище Отец Паисий с природоматематическа насоченост","4.142","4.401","80","80"
"Кърджали","909106","Средно училище Петко Рачов Славейков","4.528","4.845","90","88"
"Кюстендил","1001360","Професионална техническа гимназия Джон Атанасов","3.223","3.213","25","23"
"Кюстендил","1001380","Професионална гимназия по икономика и мениджмънт Йордан Захариев","4.368","4.106","122","127"
"Кюстендил","1001420","Професионална гимназия по туризъм Никола Йонков Вапцаров","3.517","3.593","59","61"
"Кюстендил","1001670","Професионална гимназия по лека промишленост Владимир Димитров-Майстора","2.915","2.582","11","8"
"Кюстендил","1000002","Професионална гимназия по селско стопанствоСв.Климент Охридски","2.92","0","2","0"
"Кюстендил","1000540","Езикова гимназия Д-р Петър Берон","4.766","5.106","73","74"
"Кюстендил","1000550","Природоматематическа гимназия Проф. Емануил Иванов","5.039","5.403","75","75"
"Кюстендил","1001390","Спортно училище Васил Левски","3.052","3.257","32","20"
"Ловеч","1100322","Професионална гимназия по механоелектротехника","3.709","4.11","57","32"
"Ловеч","1100329","Национална професионална гимназия по ветеринарна медицина Проф. д-р Димитър Димов","3.824","4.119","42","26"
"Ловеч","1100331","Професионална гимназия по икономика, търговия и услуги","4.063","3.985","76","76"
"Ловеч","1100320","Профилирана природо-математическа гимназия","4.621","4.851","112","112"
"Ловеч","1100328","Профилирана езикова гимназия Екзарх Йосиф I","5.368","5.621","175","175"
"Ловеч","1100316","Средно училище Тодор Кирков","3.737","3.705","21","21"
"Ловеч","1100318","Средно училище Свети Климент Охридски","4.575","4.46","23","24"
"Монтана","1201021","Финансово-стопанска професионална гимназия Васил Левски","4.316","4.553","111","55"
"Монтана","1201022","Професионална гимназия по строителство, архитектура и геодезия Проф. арх. Стефан Стефанов","3.781","3.953","109","104"
"Монтана","1201023","Професионална гимназия по лека промишленост","3.413","3.153","15","10"
"Монтана","1201033","Професионална гимназия по техника и електротехника Христо Ботев","3.548","3.626","68","58"
"Монтана","1201001","Природо-математическа профилирана гимназия Св. Климент Охридски","4.767","5.054","76","76"
"Монтана","1201002","Профилирана гимназия с преподаване на чужди езици Петър Богдан","4.99","5.422","100","100"
"Монтана","1201004","Второ средно училище Никола Йонков Вапцаров","3.837","3.844","9","9"
"Монтана","1201007","Пето средно училище Христо Ботев","0","3.39","0","1"
"Монтана","1201011","Седмо средно училище Йордан Радичков","3.565","3.886","16","18"
"Монтана","1201034","Шесто средно училище Отец Паисий","3.801","3.664","12","12"
"Пазарджик","1300","РУО ПАЗАРДЖИК","2.48","2.635","1","2"
"Пазарджик","1301139","Професионална гимназия по икономика и мениджмънт","4.291","4.273","209","87"
"Пазарджик","1302769","Професионална гимназия по механоелектротехника","3.579","3.87","130","100"
"Пазарджик","1302961","Професионална гимназия по химични и хранителни технологии","3.671","4.332","51","7"
"Пазарджик","1303006","ПРОФЕСИОНАЛНА ГИМНАЗИЯ ПО ПРОМИШЛЕНИ ТЕХНОЛОГИИ","3.05","3.42","19","1"
"Пазарджик","1303344","Професионална гимназия по фризьорство и ресторантьорство-гр.Пазарджик","3.512","3.444","15","5"
"Пазарджик","1304332","Професионална гимназия по строителство и архитектура","3.525","3.478","72","72"
"Пазарджик","1301911","ПРОФЕСИОНАЛНА ГИМНАЗИЯ ПО СЕЛСКО СТОПАНСТВО ЦАРИЦА ЙОАННА","3.266","3.523","43","10"
"Пазарджик","1302580","Профилирана гимназия Иван Сергеевич Аксаков","4.246","4.499","30","31"
"Пазарджик","1304290","Езикова гимназия Бертолт Брехт","5.198","5.416","224","224"
"Пазарджик","1309018","ПРОФИЛИРАНА МАТЕМАТИЧЕСКА ГИМНАЗИЯ „Константин Величков”","4.822","5.047","105","106"
"Пазарджик","1301234","Средно училище Димитър Гачев","2.845","3.197","4","4"
"Пазарджик","1304948","Средно училище Георги Бенковски","4.123","4.13","13","13"
"Пазарджик","1305338","Средно училище Георги Брегов","4.175","3.918","18","18"
"Пазарджик","1305831","Средно училище Д-р Петър Берон","3.456","3.627","17","17"
"Перник","1403233","Професионална гимназия по енергетика и минна промишленост Христо Ботев","3.266","3.343","51","56"
"Перник","1403234","Професионална гимназия по техника и строителство Арх. Йордан Миланов","3.887","3.923","102","82"
"Перник","1403235","Технологична професионална гимназия Мария Кюри","3.584","3.77","31","29"
"Перник","1403236","Професионална гимназия по икономика","4.254","4.303","122","93"
"Перник","1403237","Професионална гимназия по облекло и туризъм Свети Иван Рилски","3.549","3.599","78","74"
"Перник","1403219","Природоматематическа гимназия Христо Смирненски","4.507","5.054","97","96"
"Перник","1403220","Гимназия с преподаване на чужди езици Симеон Радев","5.093","5.214","147","147"
"Перник","1403217","Спортно училище Олимпиец","3.488","3.33","22","23"
"Перник","1403213","Пето средно училище Петко Рачов Славейков","3.486","3.532","13","14"
"Перник","1403214","VI Средно училище Свети Свети Кирил и Методий ","3.898","3.998","17","16"
"Перник","1403216","Средно училище с разширено изучаване на чужди езици Д-р Петър Берон","4.758","5.23","25","25"
"Плевен","2902107","НАЦИОНАЛНО УЧИЛИЩЕ ПО ИЗКУСТВАТА ПАНАЙОТ ПИПКОВ","4.517","4.333","59","24"
"Плевен","1500141","Професионална гимназия по механоелектротехника","3.73","4.55","49","24"
"Плевен","1500144","Професионална гимназия по строителство, архитектура и геодезия Никола Фичев","4.052","4.244","32","17"
"Плевен","1500145","Професионална гимназия по транспорт Проф. Цветан Лазаров","3.322","3.533","70","42"
"Плевен","1500147","Професионална гимназия по облекло и текстил Христо Бояджиев","3.414","2.93","10","2"
"Плевен","1500148","Професионална гимназия по електроника и химични технологии Проф.Асен Златаров","4.028","4.576","78","46"
"Плевен","1500149","Професионална гимназия по ресторантьорство, търговия и обслужване","3.593","3.778","94","82"
"Плевен","1500151","Професионална гимназия по подемна, строителна и транспортна техника Г.С.Раковски","3.018","3.024","45","35"
"Плевен","1500153","Професионална гимназия по туризъм Алеко Константинов","4.395","4.488","78","62"
"Плевен","1500138","Спортно училище Георги Бенковски","3.675","4.492","42","14"
"Плевен","1500140","Държавна финансово-стопанска гимназия Интелект","4.509","4.494","116","88"
"Плевен","1500142","Професионална гимназия по хранително-вкусови технологии Луи Пастьор","3.34","3.1","26","6"
"Плевен","1500143","Професионална гимназия по мениджмънт и хранителни технологии","2.775","3.61","6","1"
"Плевен","1500146","Професионална гимназия по лозарство и винарство Александър Стамболийски","3.474","3.58","32","2"
"Плевен","1500152","Професионална гимназия Захарий Зограф","3.153","3.302","12","11"
"Плевен","1500130","Математическа гимназия Гео Милев","5.154","5.592","146","146"
"Плевен","1500131","Профилирана гимназия с преподаване на чужди езици","4.874","5.314","161","161"
"Плевен","1500132","Средно училище Анастасия Димитрова","4.025","4.21","22","20"
"Плевен","1500133","Средно училище Стоян Заимов","4.342","4.308","27","28"
"Плевен","1500134","Средно училище Иван Вазов ","4.851","5.229","84","84"
"Плевен","1500135","Средно училище Пейо Крачолов Яворов","3.713","4.009","27","28"
"Плевен","1500136","Средно училище Христо Смирненски","3.427","3.603","23","24"
"Разград","1702601","Професионална гимназия по икономика Робер Шуман","3.873","3.871","120","117"
"Разград","1702602","Национална професионална техническа гимназия Шандор Петьофи","3.71","3.719","110","108"
"Разград","1702603","Професионална гимназия по химични технологии и биотехнологии Мария Кюри","3.28","3.36","48","45"
"Разград","1702607","Професионална гимназия по транспорт и строителство Христо Смирненски","3.46","5.84","10","1"
"Разград","1702629","Професионална гимназия по облекло Станка Николица Спасо-Еленина","3.377","3.572","17","12"
"Разград","1702604","Професионална гимназия по селско стопанство и хранително-вкусови технологии Ангел Кънчев","3.074","3.47","15","14"
"Разград","1702608","Профилирана гимназия с преподаване на чужди езици Екзарх Йосиф","4.958","5.21","109","109"
"Разград","1702609","Профилирана природоматематическа гимназия Академик Никола Обрешков","5.034","5.101","98","98"
"Разград","1702640","Спортно училище - Разград","3.073","2.82","19","5"
"Разград","1702612","Средно училище Христо Ботев","3.303","3.37","3","3"
"Русе","2902105","НАЦИОНАЛНО УЧИЛИЩЕ ПО ИЗКУСТВАТА ПРОФ.ВЕСЕЛИН СТОЯНОВ","4.282","4.437","34","13"
"Русе","1806301","Професионална гимназия по електротехника и електроника Апостол Арнаудов","3.911","4.261","99","100"
"Русе","1806306","ПРОФЕСИОНАЛНА ГИМНАЗИЯ ПО МЕХАНОТЕХНИКА ЮРИЙ ГАГАРИН","3.459","3.384","24","17"
"Русе","1806307","Професионална гимназия по облекло Недка Иван Лазарова","3.633","5.303","68","6"
"Русе","1806309","Професионална гимназия по туризъм Иван П. Павлов","4.018","4.142","119","65"
"Русе","1806310","Професионална гимназия по икономика и управление Елиас Канети","4.865","4.977","125","125"
"Русе","1806311","ПРОФЕСИОНАЛНА ГИМНАЗИЯ ПО РЕЧНО КОРАБОСТРОЕНЕ И КОРАБОПЛАВАНЕ","3.684","3.803","45","44"
"Русе","1806312","Професионална гимназия по транспорт","3.342","2.83","17","2"
"Русе","1806313","Професионална гимназия по строителство, архитектура и геодезия Пеньо Пенев","4.089","4.109","54","37"
"Русе","1806315","Професионална гимназия по промишлени технологии Атанас Цонев Буров","3.394","2.87","57","2"
"Русе","1806401","Спортно училище Майор Атанас Узунов","3.727","4.018","31","8"
"Русе","1806302","Професионална гимназия по дървообработване и вътрешна архитектура Йосиф Вондрак - Русе","3.618","4.115","43","12"
"Русе","1806305","Професионална гимназия по селско стопанство Ангел Кънчев","3.228","3.241","16","19"
"Русе","1806201","Профилирана английска гимназия Гео Милев","4.966","5.695","90","90"
"Русе","1806202","Профилирана математическа гимназия Баба Тонка","5.151","5.695","126","126"
"Русе","1806203","СУ за европейски езици Свети Константин-Кирил Философ","4.977","5.164","148","148"
"Русе","1806204","Средно училище с преподаване на немски език Фридрих Шилер","5","5.175","68","68"
"Русе","1806206","Средно училище Йордан Йовков","3.846","3.866","26","26"
"Русе","1806207","Средно училище Христо Ботев","4.658","4.835","76","77"
"Русе","1806208","Средно училище Възраждане","4.197","4.287","46","45"
"Русе","1806209","Средно училище Васил Левски","4.433","4.974","67","68"
"Русе","1806210","Духовно училище","3.402","3.799","10","10"
"Русе","1806215","Частна профилирана английска гимназия Джордж Байрон","4.533","5.313","12","13"
"Русе","1806213","Първо частно СУ Леонардо да Винчи","4.81","5.554","12","12"
"Силистра","1900505","Професионална гимназия по механотехника Владимир Комаров","3.405","4.08","79","8"
"Силистра","1900506","Професионална гимназия по стопанско управление, администрация и услуги Атанас Буров","4.479","4.33","97","67"
"Силистра","1900508","Професионална гимназия по строителство Пеньо Пенев","3.225","3.343","46","30"
"Силистра","1900509","Професионална гимназия по лека промишленост Пенчо Славейков","3.074","3.17","20","1"
"Силистра","1900510","Професионална гимназия по производствени технологии Евлогий Георгиев","3.701","3.993","21","18"
"Силистра","1900507","Професионална земеделска гимназия Добруджа","3.058","3.227","65","61"
"Силистра","1900503","Природоматематическа гимназия Св.Климент Охридски","4.776","5.191","67","68"
"Силистра","1900504","Езикова гимназия Пейо Яворов","5.114","5.453","71","71"
"Силистра","1900528","Спортно училище Дръстър","3.584","3.716","19","18"
"Силистра","1900502","Средно училище Никола Йонков Вапцаров","4.35","4.725","28","28"
"Сливен","2902504","Национална художествена гимназия Димитър Добрович","4.354","4.026","29","11"
"Сливен","2000117","Професионална гимназия по текстил и облекло Добри Желязков","3.334","3.413","7","3"
"Сливен","2000118","Професионална гимназия по електротехника и електроника Мария Склодовска-Кюри","3.539","3.605","63","64"
"Сливен","2000119","Професионална гимназия по икономика Професор доктор Димитър Табаков","4.417","4.444","118","117"
"Сливен","2000120","Професионална гимназия по хотелиерство и туризъм Академик Неделчо Неделчев","4.133","4.02","100","67"
"Сливен","2000122","Сливенска професионална гимназия по строителство и геодезия Арх. Георги Козаров","3.467","3.34","31","12"
"Сливен","2000123","Професионална гимназия по механотехника","3.045","2.892","39","23"
"Сливен","2000126","Профилирана природо-математическа гимназия Добри П. Чинтулов","5.16","5.458","151","151"
"Сливен","2000127","Профилирана гимназия с преподаване на западни езици Захарий Стоянов","5.12","5.419","119","119"
"Сливен","2000129","Профилирана хуманитарна гимназия Дамян Дамянов","4.458","4.688","47","47"
"Сливен","2000128","Спортно училище Димитър Рохов","3.745","3.575","42","7"
"Сливен","2000105","Средно училище Хаджи Мина Пашов","3.432","3.601","8","7"
"Сливен","2000109","Средно училище Пейо Крачолов Яворов ","3.917","3.881","31","30"
"Сливен","2000114","Средно училище Йордан Йовков","3.642","3.674","9","11"
"Сливен","2000115","Средно училище Константин Константинов","4.165","4.454","16","15"
"Смолян","2902506","Професионална гимназия за приложни изкуства","4.025","0","6","0"
"Смолян","2100111","Професионална гимназия по техника и технологии Христо Ботев","3.507","3.631","51","19"
"Смолян","2100113","Професионална гимназия по икономика Карл Маркс","4.074","3.982","69","62"
"Смолян","2100115","Смолянска професионална гимназия по туризъм и строителство Никола Й. Вапцаров","4.028","3.467","26","24"
"Смолян","2103321","Профилирана природо-математическа гимназия Васил Левски","5.016","5.29","96","96"
"Смолян","2103331","Езикова гимназия Иван Вазов","5.105","5.365","85","85"
"Смолян","2100103","Средно училище Св. Св. Кирил и Методий","4.555","4.659","32","32"
"Смолян","2100105","Средно училище Отец Паисий","4.215","4.32","11","11"
"Стара Загора","2400121","Средно училище Поп Минчо Кънчев при Затвора гр.Стара Загора","3.133","0","6","0"
"Стара Загора","2902104","Национално училище за музикални и сценични изкустваХристина Морфова","4.578","4.024","27","14"
"Стара Загора","2400111","Професионална гимназия по механотехника и транспорт Н. Й. Вапцаров","3.544","3.394","44","45"
"Стара Загора","2400112","ПРОФЕСИОНАЛНА ГИМНАЗИЯ ПО ЕЛЕКТРОТЕХНИКА И ТЕХНОЛОГИИ Г. С. РАКОВСКИ","3.641","3.892","74","75"
"Стара Загора","2400116","НАЦИОНАЛНА ПРОФЕСИОНАЛНА ГИМНАЗИЯ ПО ВЕТЕРИНАРНА МЕДИЦИНА ИВАН ПАВЛОВ","3.806","3.783","138","82"
"Стара Загора","2400117","Професионална гимназия по електроника Джон Атанасов","3.796","3.859","101","102"
"Стара Загора","2400119","Професионална гимназия по строителство и дървообработване Инж. Недьо Ранчев","3.098","3","13","5"
"Стара Загора","2400165","Професионална гимназия по облекло и хранене Райна Княгиня","3.868","4.32","101","17"
"Стара Загора","2402131","Професионална гимназия по строителство,архитектура и геодезия Лубор Байер","4.647","4.726","126","109"
"Стара Загора","2402016","Търговска гимназия Княз Симеон Търновски","5.095","5.016","130","96"
"Стара Загора","2400102","Профилирана природоматематическа гимназия Гео Милев","4.891","5.12","125","125"
"Стара Загора","2403264","Гимназия с преподаване на чужди езици Ромен Ролан","5.353","5.569","239","239"
"Стара Загора","2400108","СПОРТНО УЧИЛИЩЕ ТОДОР КАБЛЕШКОВ","3.642","3.191","29","7"
"Стара Загора","2400014","СРЕДНО УЧИЛИЩЕ ЖЕЛЕЗНИК","3.878","3.983","25","23"
"Стара Загора","2400104","СРЕДНО УЧИЛИЩЕ ВАСИЛ ЛЕВСКИ","4.09","4.344","42","42"
"Стара Загора","2400105","Средно училище Христо Смирненски","3.485","3.53","2","2"
"Стара Загора","2400106","Средно училище Максим Горки","4.697","4.778","97","97"
"Стара Загора","2400107","Средно училище Иван Вазов","4.038","4.126","40","41"
"Стара Загора","2400110","Вечерно СУ Захари Стоянов","3.629","3.532","27","30"
"Стара Загора","2400174","Средно училище Христо Ботев","3.369","3.088","11","12"
"Търговище","2500703","Специално училище за ученици с увреден слух Свети Иван Рилски","3.016","0","3","0"
"Търговище","2500601","Професионална гимназия по икономическа информатика Джон Атанасов","4.148","3.838","55","25"
"Търговище","2500602","Професионална техническа гимназия Цар Симеон Велики","3.627","3.904","43","37"
"Търговище","2500603","Професионална гимназия по електротехника и строителство","3.2","4.342","10","7"
"Търговище","2500604","Професионална гимназия по туризъм и хранително-вкусови технологии Алеко Константинов","3.697","3.682","61","28"
"Търговище","2500605","Професионална гимназия по земеделие","3.316","2.984","31","7"
"Търговище","2500301","Профилирана гимназия с изучаване на чужди езици Митрополит Андрей","4.418","4.933","23","23"
"Търговище","2500203","Спортно училище Никола Симов","3.663","3.937","28","31"
"Търговище","2500204","Първо средно училище Свети Седмочисленици","4.921","5.423","83","83"
"Търговище","2501694","Второ средно училище Професор Никола Маринов","4.604","4.871","86","87"
"Хасково","2601031","Финансово-стопанска гимназия Атанас Буров","4.251","4.35","150","85"
"Хасково","2601032","Професионална гимназия по туризъм Александър Паскалев","3.588","3.59","144","133"
"Хасково","2601035","Професионална гимназия по лека промишленост Райна Княгиня","3.12","3.028","27","26"
"Хасково","2601036","Професионална гимназия по механоелектротехника Стойчо и Кица Марчеви","3.305","3.482","56","18"
"Хасково","2601034","Професионална гимназия по дървообработване и строителство Цар Иван Асен ІІ","3.84","4.127","114","116"
"Хасково","2601904","Професионална гимназия по селско стопанство и транспорт Н.Й.Вапцаров","3.146","2.865","36","2"
"Хасково","2601028","Езикова гимназия Проф. д-р Асен Златаров","5.077","5.4","181","181"
"Хасково","2601029","Природо-математическа гимназия Академик Боян Петканчин","5.169","5.227","127","128"
"Хасково","2601027","СПОРТНО УЧИЛИЩЕ СТЕФАН КАРАДЖА","3.14","3.438","38","37"
"Хасково","2601025","Средно училище Васил Левски","3.77","4.47","2","2"
"Хасково","2601026","Средно училище Св.Паисий Хилендарски","3.94","4.221","14","13"
"Шумен","2700217","Духовно училище Нювваб","3.947","3.846","18","19"
"Шумен","2700006","Професионална гимназия по строителство, архитектура и геодезия","3.471","3.618","101","81"
"Шумен","2700011","ПРОФЕСИОНАЛНА ГИМНАЗИЯ ПО ИКОНОМИКА","4.176","4.165","125","112"
"Шумен","2700031","Професионална гимназия по облекло, хранене и химични технологии Проф. д-р Асен Златаров","3.553","3.645","51","46"
"Шумен","2707033","Професионална гимназия по механотехника, електроника, телекомуникации и транспорт Христо Ботев","3.471","3.606","82","90"
"Шумен","2700064","ПРОФЕСИОНАЛНА ГИМНАЗИЯ ПО СЕЛСКО СТОПАНСТВО И ХРАНИТЕЛНИ ТЕХНОЛОГИИ","3.156","3.448","34","29"
"Шумен","2700083","ПРОФИЛИРАНА ЕЗИКОВА ГИМНАЗИЯ НИКОЛА ЙОНКОВ ВАПЦАРОВ","5.007","5.433","150","150"
"Шумен","2700221","ПРОФИЛИРАНА ПРИРОДОМАТЕМАТИЧЕСКА ГИМНАЗИЯ НАНЧО ПОПОВИЧ","4.904","5.461","127","127"
"Шумен","2700076","Средно училище Панайот Волов","4.279","4.432","60","60"
"Шумен","2700147","Средно училище Трайко Симеонов","3.496","3.655","10","12"
"Шумен","2700182","СРЕДНО УЧИЛИЩЕ ЙОАН ЕКЗАРХ БЪЛГАРСКИ","4.305","4.509","68","68"
"Шумен","2700197","Средно училище Сава Доброплодни","4.418","4.835","99","99"
"Шумен","2700231","СРЕДНО УЧИЛИЩЕ ВАСИЛ ЛЕВСКИ","3.66","4.111","38","36"
"Ямбол","2811601","Професионална техническа гимназия Иван Райнов","3.696","3.918","90","34"
"Ямбол","2811602","Професионална гимназия по икономика Георги Стойков Раковски","4.382","4.962","125","21"
"Ямбол","2811607","Професионална гимназия по строителство и геодезияКольо Фичето","3.28","2.964","57","19"
"Ямбол","2811608","Професионална гимназия по подемна, строителна и транспортна техника Н. Й. Вапцаров","2.939","2.923","71","13"
"Ямбол","2811613","Професионална гимназия по лека промишленост, екология и химични технологии","3.049","2.98","35","2"
"Ямбол","2811603","Професионална гимназия по хранителни технологии и туризъм","3.56","3.623","38","3"
"Ямбол","2811604","Професионална гимназия по земеделие Христо Ботев","3.01","2.791","51","10"
"Ямбол","2811515","Профилирана гимназия Васил Левски","4.506","4.975","107","109"
"Ямбол","2811516","Природо-математическа гимназия Атанас Радев","5.197","5.542","90","90"
"Ямбол","2811517","Езикова гимназия Васил Карагьозов","4.737","5.169","68","68"
"Ямбол","2811518","Спортно училище Пиер дьо Кубертен","3.69","3.271","12","12"
"Ямбол","2811510","Средно училище Св. Климент Охридски","4.062","3.965","38","40"
"Айтос","200114","Професионална гимназия по селско стопанство Златна нива","3.098","3.26","116","91"
"Айтос","200112","Средно училище Христо Ботев","4.363","4.854","77","73"
"Айтос","200113","Средно училище Никола Йонков Вапцаров","3.937","4.288","57","59"
"Асеновград","1600128","Професионална гимназия Свети Патриарх Евтимий ","3.256","3.003","16","3"
"Асеновград","1600618","Професионална гимназия Цар Иван Асен ІІ","3.7","3.581","87","87"
"Асеновград","1600617","Професионална гимназия по Хранително-вкусови технологии Св. Димитрий Солунски","3.46","3.102","66","20"
"Асеновград","1600114","Средно училище „Свети княз Борис I”","4.614","4.664","61","61"
"Асеновград","1600116","Средно училище Свети свети Кирил и Методий","4.448","4.448","112","111"
"Банкя","2201400","Професионална гимназия по туризъм Алеко Константинов","3.771","4.083","137","115"
"Банкя","2201078","78. Средно училище Христо Смирненски","3.809","4.008","35","36"
"Ботевград","2300284","Професионална гимназия по техника и мениджмънт Христо Ботев","3.415","3.513","70","63"
"Ботевград","2301044","Техническа професионална гимназия Стамен Панчев","3.187","2.575","27","4"
"Ботевград","2300099","Профилирана природо-математическа гимназия Акад. проф. д-р Асен Златаров ","4.622","4.833","86","86"
"Велинград","1304231","Професионална гимназия по икономика и туризъм Алеко Константинов","3.906","2.98","124","18"
"Велинград","1311390","Национална професионална гимназия по горско стопанство Христо Ботев","3.8","3.955","65","49"
"Велинград","1302979","ПРОФЕСИОНАЛНА ГИМНАЗИЯ ПО ДЪРВООБРАБОТВАНЕ ИВАН ВАЗОВ","2.993","3.128","94","67"
"Велинград","1301674","Средно училище Св. св. Кирил и Методий","4.606","4.62","73","73"
"Велинград","1302573","Средно училище Васил Левски","4.779","5.104","54","54"
"Горна Оряховица","300218","Професионална техническа гимназия Васил Левски","3.441","3.505","17","17"
"Горна Оряховица","300219","Професионална гимназия по електротехника и електроника Михайло Василиевич Ломоносов","4.151","4.467","87","79"
"Горна Оряховица","300221","Професионална гимназия по лека промишленост и икономика Атанас Буров","4.011","2.923","100","3"
"Горна Оряховица","300222","Професионална гимназия по железопътен транспорт Никола Йонков Вапцаров","3.404","3.138","10","12"
"Горна Оряховица","300220","Професионална гимназия по хранителни технологии Проф.д-р Асен Златаров","3.218","3.197","61","62"
"Горна Оряховица","300216","Средно училище Георги Измирлиев","4.51","4.843","42","43"
"Горна Оряховица","300217","Средно училище Вичо Грънчаров","4.174","4.582","24","24"
"Гоце Делчев","102001","Неврокопска професионална гимназия Димитър Талев","3.972","3.871","163","26"
"Гоце Делчев","102016","Професионална гимназия по механизация на селското стопанство Пейо Крачолов Яворов","3.197","3.31","45","23"
"Гоце Делчев","102002","Природо-математическа гимназия Яне Сандански","4.897","5.031","148","148"
"Димитровград","2602023","Професионална гимназия Проф. д-р Асен Златаров","3.484","3.446","50","38"
"Димитровград","2602019","Природо-математическа гимназия със засилено изучаване на чужди езици Иван Вазов","4.601","5.131","67","68"
"Димитровград","2602020","ПРОФИЛИРАНА ЕЗИКОВА ГИМНАЗИЯ Д-р Иван Богоров","4.406","4.895","74","74"
"Димитровград","2602017","Средно училище Васил Левски","3.308","3.405","5","4"
"Димитровград","2602018","Средно училище Любен Каравелов","3.832","4.046","44","42"
"Дупница","1000049","Професионална гимназия по облекло и стопанско управление","3.745","3.623","49","48"
"Дупница","1000051","Професионална гимназия по транспорт","3.212","3.291","16","14"
"Дупница","1002136","Професионална гимназия Акад. Сергей П. Корольов","3.921","3.876","83","78"
"Дупница","1002137","Професионална гимназия по хранително - вкусови и химични технологии","3.992","4.091","49","39"
"Дупница","1000052","Профилирана гимназия Христо Ботев","4.951","4.958","110","110"
"Дупница","1000035","Средно училище Св. Паисий Хилендарски","4.843","4.834","50","49"
"Ихтиман","2300417","Професионална гимназия Васил Левски","2.911","2.939","47","42"
"Ихтиман","2300188","Средно училище Христо Ботев","4.482","4.578","28","32"
"Казанлък","2902505","Национално училище по пластични изкуства и дизайн Академик Дечко Узунов","4.073","0","52","0"
"Казанлък","2400265","ПРОФЕСИОНАЛНА ГИМНАЗИЯ ИВАН ХАДЖИЕНОВ","3.819","3.825","91","94"
"Казанлък","2400266","ПРОФЕСИОНАЛНА ГИМНАЗИЯ ПО ТРАНСПОРТ И ТРАНСПОРТЕН МЕНИДЖМЪНТ","3.657","3.768","91","76"
"Казанлък","2400268","Професионална гимназия по лека промишленост и туризъм","3.825","3.962","77","55"
"Казанлък","2400262","Профилирана природо-математическа гимназия Никола Обрешков","5.13","5.45","103","103"
"Казанлък","2400263","Профилирана хуманитарна гимназия Св. Св. Кирил и Методий","4.481","4.579","75","76"
"Казанлък","2400261","Профилирана гимназия Академик Петко Стайнов","3.245","3.598","17","6"
"Казанлък","2400264","Средно училище Екзарх Антим І ","4.532","4.697","97","97"
"Карлово","1601361","Професионална гимназия по железопътен транспорт Христо Смирненски","3.229","3.196","62","42"
"Карлово","1601364","Професионална гимназия Братя Евлогий и Христо Георгиеви","3.26","3.234","73","71"
"Карлово","1601301","Средно училище Васил Левски","5.173","5.408","76","76"
"Карлово","1601302","Средно училище Христо Проданов","4.329","4.519","95","98"
"Карнобат","200413","Професионална гимназия по селско стопанство и лека промишленост","3.435","3.88","63","60"
"Карнобат","200411","Средно училище Св.Св.Кирил и Методий","5.153","5.091","49","49"
"Карнобат","200412","Средно училище Христо Ботев","4.198","4.495","73","72"
"Костинброд","2309735","Професионална гимназия по ветеринарна медицина и селско стопанство Св. Г. Победоносец","3.77","4.041","41","25"
"Костинброд","2309638","Средно училище Д-р Петър Берон","4.212","4.483","19","19"
"Лом","1209012","Професионална гимназия по производствени технологии","3.81","3.698","46","47"
"Лом","1202036","Професионална гимназия по хранене и земеделие Дмитрий Иванович Менделеев","3.468","3.477","45","18"
"Лом","1209006","Профилирана гимназия Найден Геров","4.514","4.958","62","62"
"Лом","1209003","Средно училище Отец Паисий","3.637","3.641","8","7"
"Лом","1209005","Средно училище Димитър Маринов","4.114","4.32","37","38"
"Луковит","1100410","Професионална гимназия по селско стопанство Сергей Румянцев","3.541","3.553","63","23"
"Луковит","1100402","Средно училище Алеко Константинов","3.677","3.741","37","38"
"Несебър","200609","Професионална гимназия по туризъм Иван Вазов","3.319","3.398","69","47"
"Несебър","200608","Средно училище Любен Каравелов","4.423","5.249","29","30"
"Нова Загора","2000307","Професионална гимназия по техника и технологии Атанас Димитров","3.736","4.205","26","31"
"Нова Загора","2000306","Професионална гимназия по селско стопанство","3.693","4.093","23","25"
"Нова Загора","2000304","Средно училище Иван Вазов","4.376","4.54","24","26"
"Нова Загора","2000305","Средно училище Христо Ботев","4.513","5.319","63","63"
"Нови Искър","2215170","170 Средно училище Васил Левски","3.814","3.877","35","35"
"Панагюрище","1305587","ПРОФЕСИОНАЛНА ГИМНАЗИЯ ПО ИНДУСТРИАЛНИ ТЕХНОЛОГИИ, МЕНИДЖМЪНТ И ТУРИЗЪМ","3.748","3.796","78","39"
"Панагюрище","1302623","Средно училище Нешо Бончев","5.159","5.304","53","53"
"Петрич","102009","Професионална гимназия по механоелектротехника Юрий Гагарин","3.202","3.201","84","70"
"Петрич","102014","Професионална гимназия по икономика и туризъм Проф. д-р Асен Златаров","3.885","3.631","134","51"
"Петрич","104001","Профилирана гимназия Пейо Крчолов Яворов","4.585","4.683","128","132"
"Петрич","103310","Средно училище Никола Йонков Вапцаров","4.453","4.847","22","23"
"Петрич","104002","Средно училище Антон Попов","3.302","3.882","14","15"
"Пещера","1302819","Професионална гимназия по хранително- вкусови технологии Атанас Ченгелев","3.73","4.117","29","7"
"Пещера","1307893","Професионална гимназия по лека промишленост и машиностроене Васил Левски","3.239","2.746","10","3"
"Пещера","1302630","Средно училище Свети Климент Охридски","4.153","4.086","20","20"
"Поморие","200712","Професионална гимназия по туризъм Алеко Константинов","3.332","3.553","37","33"
"Поморие","200711","Средно училище Иван Вазов","3.92","4.024","18","19"
"Попово","2540601","Професионална гимназия по техника и лека промишленост","3.492","0","14","0"
"Попово","2540602","Професионална гимназия по селско стопанство Никола Пушкаров","3.721","4.577","99","9"
"Попово","2540401","Профилирана гимназия Христо Ботев","4.634","5.25","70","70"
"Правец","2309991","Национална професионална гимназия по компютърни технологии и системи","4.536","5.195","114","30"
"Правец","2304770","Профилирана гимназия с преподаване на чужди езици Алеко Константинов","4.707","5.11","99","89"
"Радомир","1403656","Техническа професионална гимназия Никола Йонков Вапцаров","3.712","3.925","57","38"
"Радомир","1403657","Професионална гимназия по транспорт Юрий Гагарин","3.108","3.287","23","28"
"Радомир","1403655","Средно училище Свети Свети Кирил и Методий","4.831","4.928","25","25"
"Раковски","1602511","Професионална гимназия Петър Парчевич","3.618","3.555","50","11"
"Самоков","2300291","Професионална техническа гимназия Никола Й. Вапцаров","4.31","4.256","94","96"
"Самоков","2300505","Професионална гимназия по туризъм","4","4.008","28","28"
"Самоков","2300131","Профилирана гимназия КОНСТАНТИН ФОТИНОВ","4.973","5.072","59","59"
"Самоков","2304610","Спортно училище Никола Велчев","3.385","3.95","21","15"
"Самоков","2303106","Средно училище Отец Паисий","4.212","4.378","53","54"
"Сандански","102007","Професионална техническа гимназия","2.73","3.29","1","1"
"Сандански","102013","Земеделска професионална гимназия Климент Аркадиевич Тимирязев","4.145","4.717","114","56"
"Сандански","104101","Профилирана гимназия Яне Сандански","4.394","4.679","137","140"
"Сандански","108021","Вечерна профилирана гимназия","3.035","3.276","15","19"
"Сандански","109185","Спортно училище","3.474","3.196","20","3"
"Свиленград","2605016","Професионална гимназия по селско стопанство и икономика Христо Ботев","3.804","3.321","68","6"
"Свиленград","2605008","Средно училище Д-р Петър Берон","4.759","5.098","63","62"
"Свищов","300817","Професионална държавна търговска гимназия Димитър Хадживасилев","4.049","4.021","57","27"
"Свищов","300819","Свищовска професионална гимназия Алеко Константинов","3.541","3.28","68","13"
"Свищов","300814","Средно училище Цветан Радославов","3.828","4.163","16","19"
"Свищов","300815","Средно училище Николай Катранов","5.081","5.451","49","49"
"Свищов","300816","Средно училище Димитър Благоев","4.723","5.014","22","24"
"Своге","2303022","Професионална гимназия Велизар Пеев","4.181","4.052","109","55"
"Своге","2308867","Средно училище Иван Вазов","4.642","4.825","20","20"
"Севлиево","700323","Професионална гимназия по механоелектротехника Ген.Иван Бъчваров","3.821","3.993","76","77"
"Севлиево","700330","Професионална гимназия Марин Попов","3.154","3.214","25","33"
"Севлиево","700318","Средно училище Васил Левски","4.748","4.975","77","77"
"Троян","2902502","Национално училище за приложни изкуства Проф. Венко Колев ","4.752","0","13","0"
"Троян","1100616","Професионална гимназия по механоелектротехника","3.621","4.1","65","30"
"Троян","1100612","Средно училище Васил Левски","4.954","5.305","101","92"
"Троян","1100613","Средно училище Свети Климент Охридски","4.622","4.853","49","49"
"Харманли","2603009","Професионална гимназия по електропромишленост и текстил Захари Стоянов","3.116","3.265","57","41"
"Харманли","2603008","Средно училище Неофит Рилски","4.319","4.852","70","70"
"Чирпан","2401179","Професионална гимназия по селско стопанство","3.462","4.898","77","33"
"Чирпан","2401178","Средно училище Пейо Крачолов Яворов","4.588","5.093","66","65"
